-- phpMyAdmin SQL Dump
-- version 5.2.1
-- https://www.phpmyadmin.net/
--
-- Host: localhost:3306
-- Generation Time: Oct 26, 2023 at 11:38 AM
-- Server version: 10.5.19-MariaDB-0+deb11u2-log
-- PHP Version: 8.2.9

SET SQL_MODE = "NO_AUTO_VALUE_ON_ZERO";
START TRANSACTION;
SET time_zone = "+00:00";


/*!40101 SET @OLD_CHARACTER_SET_CLIENT=@@CHARACTER_SET_CLIENT */;
/*!40101 SET @OLD_CHARACTER_SET_RESULTS=@@CHARACTER_SET_RESULTS */;
/*!40101 SET @OLD_COLLATION_CONNECTION=@@COLLATION_CONNECTION */;
/*!40101 SET NAMES utf8mb4 */;

--
-- Database: `ot_online`
--

-- --------------------------------------------------------

--
-- Table structure for table `tb_admin`
--

CREATE TABLE `tb_admin` (
  `id` int(11) NOT NULL,
  `username` varchar(255) NOT NULL,
  `password` varchar(255) NOT NULL,
  `name` varchar(255) NOT NULL
) ENGINE=InnoDB DEFAULT CHARSET=utf8 COLLATE=utf8_general_ci;

--
-- Dumping data for table `tb_admin`
--

INSERT INTO `tb_admin` (`id`, `username`, `password`, `name`) VALUES
(1, 'admin', '$2y$10$mzxgetpHFn2b67b.5Z3mwOrFs8IjIWZuNjjp6kmGlVc5KB7MxAveS', 'อิฟฟาน');

-- --------------------------------------------------------

--
-- Table structure for table `tb_approver`
--

CREATE TABLE `tb_approver` (
  `id` int(11) NOT NULL,
  `username` varchar(255) NOT NULL,
  `password` varchar(255) NOT NULL,
  `createdate` timestamp NOT NULL DEFAULT current_timestamp(),
  `sect` varchar(11) NOT NULL
) ENGINE=InnoDB DEFAULT CHARSET=utf8 COLLATE=utf8_general_ci;

--
-- Dumping data for table `tb_approver`
--

INSERT INTO `tb_approver` (`id`, `username`, `password`, `createdate`, `sect`) VALUES
(1, 'supoj', '$2y$10$mzxgetpHFn2b67b.5Z3mwOrFs8IjIWZuNjjp6kmGlVc5KB7MxAveS', '2023-09-04 05:46:59', '1'),
(2, 'santi', '$2y$10$mzxgetpHFn2b67b.5Z3mwOrFs8IjIWZuNjjp6kmGlVc5KB7MxAveS', '2023-09-04 05:46:59', '2,3'),
(3, 'nawitchai', '$2y$10$mzxgetpHFn2b67b.5Z3mwOrFs8IjIWZuNjjp6kmGlVc5KB7MxAveS', '2023-09-04 05:46:59', '1,2,3');

-- --------------------------------------------------------

--
-- Table structure for table `tb_cars`
--

CREATE TABLE `tb_cars` (
  `id` int(11) NOT NULL,
  `cars` varchar(255) NOT NULL
) ENGINE=InnoDB DEFAULT CHARSET=utf8 COLLATE=utf8_general_ci;

--
-- Dumping data for table `tb_cars`
--

INSERT INTO `tb_cars` (`id`, `cars`) VALUES
(1, 'หนองมน-โรบินสัน-ม.ศรีราชาปาร์ควิลล์'),
(2, 'มาบเตย-ม.ปาล์มวิลล่า'),
(3, 'สะพานสี่ 1'),
(4, 'รุ้งสีทอง-ม.จินดารมย์ 3'),
(5, 'แม่น้ำคู้-แยกลุงอุ้ย'),
(6, 'ระยอง-ตะพง-เกาะกลอย'),
(7, 'โป่งสะเก็ต-บุญส่ง'),
(8, 'มาบยางพร'),
(9, 'ระยอง-มาบข่า'),
(10, 'ระยอง-ปากน้ำ-วัดโขดหิน'),
(11, 'ม.ปารียา-ตลาดศศิ'),
(12, 'ม.สมาร์ทแลนด์นิวสไตล์'),
(13, 'รถส่วนตัว'),
(14, 'คลอง2-หนองก้างปลา'),
(15, 'สะพานสี่ 2'),
(16, 'สะพานสี่ 3'),
(17, 'สะพานสี่ 4'),
(18, 'สะพานสี่ 5'),
(19, 'สะพานสี่ 6'),
(20, 'สะพานสี่ 7'),
(21, 'สะพานสี่ 8'),
(22, 'สะพานสี่ 9'),
(23, 'สะพานสี่ 10'),
(24, 'สะพานสี่ 11'),
(25, 'สะพานสี่ 12'),
(26, 'หัวสนามบิน-บึงทอง');

-- --------------------------------------------------------

--
-- Table structure for table `tb_employees`
--

CREATE TABLE `tb_employees` (
  `id` int(11) NOT NULL,
  `employees_id` varchar(6) NOT NULL,
  `employees_name` varchar(255) NOT NULL,
  `employees_sect` int(11) NOT NULL,
  `cars_id` int(11) NOT NULL,
  `createdate` timestamp NOT NULL DEFAULT current_timestamp()
) ENGINE=InnoDB DEFAULT CHARSET=utf8 COLLATE=utf8_general_ci;

--
-- Dumping data for table `tb_employees`
--

INSERT INTO `tb_employees` (`id`, `employees_id`, `employees_name`, `employees_sect`, `cars_id`, `createdate`) VALUES
(1, '470007', 'นายสุพจน์ สมนาศรี', 1, 1, '2023-09-02 16:17:42'),
(2, '480006', 'นายสันติ เหลืองอ่อน', 1, 2, '2023-09-02 16:17:42'),
(3, '480088', 'นายสมชาย เพ็งแจ่ม', 1, 3, '2023-09-02 16:17:42'),
(4, '480170', 'นายเอกพล วงค์คำ', 1, 4, '2023-09-02 16:17:42'),
(5, '500010', 'นายวีรชัย วงค์วันดี', 1, 3, '2023-09-02 16:17:42'),
(6, '550045', 'นายวงศกร แจ่มจันทร์', 1, 5, '2023-09-02 16:17:42'),
(7, '620036', 'นายนิเวศน์ นิรันตรานนท์', 1, 6, '2023-09-02 16:17:42'),
(8, '630015', 'ว่าที่ร.ต.ฉัตรพล สิงหาทิพย์', 1, 7, '2023-09-02 16:17:42'),
(9, '640004', 'นายทศพล เพียรไทสงค์', 1, 8, '2023-09-02 16:17:42'),
(10, '640062', 'นายพิทยาทร ฝ่ายชาวนา', 1, 9, '2023-09-02 16:17:42'),
(11, '650013', 'นายปัญญา อิติวุตตา', 1, 10, '2023-09-02 16:17:42'),
(12, '650034', 'นายเตชินท์ บุญอุ่น', 1, 3, '2023-09-02 16:17:42'),
(13, '660015', 'นายศิริโชค มั่นใจ', 1, 3, '2023-09-02 16:17:42'),
(14, '660016', 'นายพีรพัฒน์ นามยงค์', 1, 3, '2023-09-02 16:17:42'),
(15, '660029', 'นายอิทธิพล ไหว้พรหม', 1, 9, '2023-09-02 16:17:42'),
(16, '380008', 'นายบุญธง เพ็งพินิจ', 2, 2, '2023-09-02 16:17:42'),
(17, '380013', 'นายสนม มัธยมแก้ว', 2, 11, '2023-09-02 16:17:42'),
(18, '470024', 'นายสมคิด สมสะอาด', 2, 4, '2023-09-02 16:17:42'),
(19, '470047', 'นายสมพัตสร เสนา', 2, 12, '2023-09-02 16:17:42'),
(20, '480020', 'นายเรืองเนตร สมานเขตกิจ', 2, 13, '2023-09-02 16:17:42'),
(21, '480052', 'นายพินิจ ฦาชา', 2, 4, '2023-09-02 16:17:42'),
(22, '490085', 'นายดำรงค์ จันทรักษ์', 2, 12, '2023-09-02 16:17:42'),
(23, '500046', 'นายสุขสวัสดิ์ ชัยศรี', 2, 3, '2023-09-02 16:17:42'),
(24, '560061', 'นายนิรุตติ์ ราชโคตร', 2, 3, '2023-09-02 16:17:42'),
(25, '570084', 'นายธวัชชัย นันต๊ะวงค์', 2, 3, '2023-09-02 16:17:42'),
(26, '570088', 'นายเอกชัย ปินะกาพัง', 2, 3, '2023-09-02 16:17:42'),
(27, '580011', 'นายเกรียงไกร นนฤชา', 2, 11, '2023-09-02 16:17:42'),
(28, '580058', 'นายสดายุ ไกรกลาง', 2, 14, '2023-09-02 16:17:42'),
(29, '640046', 'นายผดุงเกียรติ ภวภูตานนท์', 2, 3, '2023-09-02 16:17:42'),
(30, '640061', 'นายสุชาติ สมานพันธุ์', 2, 13, '2023-09-02 16:17:42'),
(31, '640065', 'นายธีรภัทร ปันสา', 2, 13, '2023-09-02 16:17:42'),
(32, '650004', 'นายอนุวัฒน์ กองอาษา', 2, 13, '2023-09-02 16:17:42'),
(33, '650064', 'นายชนะ ทิพย์โอสถ', 2, 8, '2023-09-02 16:17:42'),
(34, '660007', 'นายณัฐวุฒิ พ่วงกลาง', 2, 13, '2023-09-02 16:17:42'),
(35, '660026', 'นายกฤษฎา โปต๊ะ', 2, 13, '2023-09-02 16:17:42'),
(36, '480092', 'นายเสถียร ไชยบัว', 3, 3, '2023-09-02 16:17:42'),
(37, '480188', 'นายบัญชา เพ็ชร์รัตน์', 3, 15, '2023-09-02 16:17:42'),
(38, '490141', 'นายยงยุท เสณีกุล', 3, 26, '2023-09-02 16:17:42'),
(39, '510079', 'นายบุญชัย ทวีชาติ', 3, 17, '2023-09-02 16:17:42'),
(40, '570007', 'นายพรทวี วงษ์ษา', 3, 18, '2023-09-02 16:17:42'),
(41, '570047', 'นายอักขจร ยอดดี', 3, 19, '2023-09-02 16:17:42'),
(42, '65T110', 'นายพร้อมพงษ์ เครือแวงมล', 3, 20, '2023-09-02 16:17:42'),
(43, '66W013', 'นายสุรพงษ์ ประทุมทอง', 3, 21, '2023-09-02 16:17:42'),
(44, '66W014', 'นายอนุวัฒน์ โพนรัตน์', 3, 22, '2023-09-02 16:17:42'),
(45, '66W015', 'นายสุธิราช เดชโคบุตร', 3, 23, '2023-09-02 16:17:42'),
(46, '490157', 'นายนะวิทชัย ศรีหลิ่ง', 3, 24, '2023-09-02 16:17:42'),
(47, '400009', 'นายปัญญา พิทักษ์ชาติ', 3, 25, '2023-09-02 16:17:42'),
(48, '640048', 'อิฟฟาน หะยีอิสมาแอ', 1, 13, '2023-10-11 13:27:17'),
(49, '66T031', 'นายมหัทธน กิจกุศล', 3, 3, '2023-10-12 03:25:33'),
(50, '66T045', 'นายสุรพงษ์ ประทุมทอง', 3, 3, '2023-10-12 03:26:18'),
(51, '66T046', 'นายอนุวัฒน์ โพนรัตน์', 3, 2, '2023-10-12 03:27:25'),
(52, '66T047', 'นายสุธิราช เดชโคบุตร', 3, 13, '2023-10-12 03:27:53');

-- --------------------------------------------------------

--
-- Table structure for table `tb_ot_request`
--

CREATE TABLE `tb_ot_request` (
  `id` int(11) NOT NULL,
  `request_key` varchar(255) NOT NULL,
  `employee_id` varchar(6) NOT NULL,
  `roles_id` int(11) NOT NULL,
  `ot_starttime` time NOT NULL,
  `ot_endtime` time NOT NULL,
  `ot_date` date NOT NULL,
  `ot_date_end` date DEFAULT NULL,
  `cars_text` varchar(255) NOT NULL,
  `approved_status` int(11) NOT NULL COMMENT '0=รอ/1=อนุมัติ/2=ไม่อนุมัติ',
  `work_detail` text NOT NULL,
  `machine_name` text NOT NULL,
  `createdate` timestamp NOT NULL DEFAULT current_timestamp(),
  `approved_by` int(11) DEFAULT NULL,
  `approved_datetime` datetime DEFAULT NULL
) ENGINE=InnoDB DEFAULT CHARSET=utf8 COLLATE=utf8_general_ci;

--
-- Dumping data for table `tb_ot_request`
--

INSERT INTO `tb_ot_request` (`id`, `request_key`, `employee_id`, `roles_id`, `ot_starttime`, `ot_endtime`, `ot_date`, `ot_date_end`, `cars_text`, `approved_status`, `work_detail`, `machine_name`, `createdate`, `approved_by`, `approved_datetime`) VALUES
(75, '31d09b9f-6410-11ee-b803-90b11c26834e', '580011', 3, '05:30:00', '08:00:00', '2023-10-06', '2023-10-06', 'ม.ปารียา-ตลาดศศิ', 1, 'Support all M/C', 'MC', '2023-10-06 06:18:41', 2, '2023-10-06 21:46:08'),
(76, 'a9745521-6426-11ee-b803-90b11c26834e', '470024', 3, '17:30:00', '20:00:00', '2023-10-06', '2023-10-06', 'รุ้งสีทอง-ม.จินดารมย์ 3', 1, 'Support MC', 'MC', '2023-10-06 08:59:30', 2, '2023-10-06 21:46:33'),
(77, 'a9745521-6426-11ee-b803-90b11c26834e', '580058', 3, '17:30:00', '20:00:00', '2023-10-06', '2023-10-06', 'คลอง2-หนองก้างปลา', 1, 'Support MC', 'MC', '2023-10-06 08:59:30', 2, '2023-10-06 21:46:33'),
(78, '5b6ebd34-6427-11ee-b803-90b11c26834e', '640065', 3, '17:30:00', '20:00:00', '2023-10-06', '2023-10-06', 'รถส่วนตัว', 1, 'Support MC ', 'MC', '2023-10-06 09:04:29', 2, '2023-10-06 21:46:21'),
(79, '5b6ebd34-6427-11ee-b803-90b11c26834e', '650064', 3, '17:30:00', '20:00:00', '2023-10-06', '2023-10-06', 'มาบยางพร', 1, 'Support MC ', 'MC', '2023-10-06 09:04:29', 2, '2023-10-06 21:46:21'),
(80, '4ec25e04-6436-11ee-abd0-00163e2213cc', '500010', 3, '17:30:00', '20:00:00', '2023-10-06', '2023-10-06', 'สะพานสี่ 1', 1, 'Support night shift ', 'All', '2023-10-06 10:51:30', 1, '2023-10-06 17:55:52'),
(81, '4ec25e04-6436-11ee-abd0-00163e2213cc', '550045', 3, '17:30:00', '20:00:00', '2023-10-06', '2023-10-06', 'แม่น้ำคู้-แยกลุงอุ้ย', 1, 'Support night shift ', 'All', '2023-10-06 10:51:30', 1, '2023-10-06 17:55:52'),
(82, '4ec25e04-6436-11ee-abd0-00163e2213cc', '620036', 3, '17:30:00', '20:00:00', '2023-10-06', '2023-10-06', 'ระยอง-ตะพง-เกาะกลอย', 1, 'Support night shift ', 'All', '2023-10-06 10:51:30', 1, '2023-10-06 17:55:52'),
(83, '4ec25e04-6436-11ee-abd0-00163e2213cc', '640004', 3, '17:30:00', '20:00:00', '2023-10-06', '2023-10-06', 'มาบยางพร', 1, 'Support night shift ', 'All', '2023-10-06 10:51:30', 1, '2023-10-06 17:55:52'),
(84, '4ec25e04-6436-11ee-abd0-00163e2213cc', '650013', 3, '17:30:00', '20:00:00', '2023-10-06', '2023-10-06', 'ระยอง-ปากน้ำ-วัดโขดหิน', 1, 'Support night shift ', 'All', '2023-10-06 10:51:30', 1, '2023-10-06 17:55:52'),
(85, '4ec25e04-6436-11ee-abd0-00163e2213cc', '660029', 3, '17:30:00', '20:00:00', '2023-10-06', '2023-10-06', 'ระยอง-มาบข่า', 1, 'Support night shift ', 'All', '2023-10-06 10:51:30', 1, '2023-10-06 17:55:52'),
(86, 'bde965f1-644c-11ee-abd0-00163e2213cc', '620036', 3, '05:30:00', '08:00:00', '2023-10-06', '2023-10-06', 'ระยอง-ตะพง-เกาะกลอย', 1, 'Standby support M/C', 'All', '2023-10-06 13:32:06', 1, '2023-10-06 20:32:31'),
(87, 'ad4a8f9d-666f-11ee-abd0-00163e2213cc', '550045', 3, '17:30:00', '20:00:00', '2023-10-09', '2023-10-09', 'แม่น้ำคู้-แยกลุงอุ้ย', 1, 'Support BZ', 'All', '2023-10-09 06:47:12', 1, '2023-10-09 15:08:47'),
(88, '0f2b9859-6673-11ee-abd0-00163e2213cc', '500010', 3, '05:30:00', '08:00:00', '2023-10-09', '2023-10-09', 'สะพานสี่ 1', 1, 'Support', 'HD', '2023-10-09 07:11:25', 1, '2023-10-09 15:07:14'),
(89, '0f2b9859-6673-11ee-abd0-00163e2213cc', '620036', 3, '05:30:00', '08:00:00', '2023-10-09', '2023-10-09', 'ระยอง-ตะพง-เกาะกลอย', 1, 'Support', 'HD', '2023-10-09 07:11:25', 1, '2023-10-09 15:07:14'),
(90, '0f2b9859-6673-11ee-abd0-00163e2213cc', '640004', 3, '05:30:00', '08:00:00', '2023-10-09', '2023-10-09', 'มาบยางพร', 1, 'Support', 'HD', '2023-10-09 07:11:25', 1, '2023-10-09 15:07:14'),
(91, '0f2b9859-6673-11ee-abd0-00163e2213cc', '650013', 3, '05:30:00', '08:00:00', '2023-10-09', '2023-10-09', 'ระยอง-ปากน้ำ-วัดโขดหิน', 1, 'Support', 'HD', '2023-10-09 07:11:25', 1, '2023-10-09 15:07:14'),
(92, '0f2b9859-6673-11ee-abd0-00163e2213cc', '650034', 3, '05:30:00', '08:00:00', '2023-10-09', '2023-10-09', 'สะพานสี่ 1', 1, 'Support', 'HD', '2023-10-09 07:11:25', 1, '2023-10-09 15:07:14'),
(93, '0f2b9859-6673-11ee-abd0-00163e2213cc', '660016', 3, '05:30:00', '08:00:00', '2023-10-09', '2023-10-09', 'สะพานสี่ 1', 1, 'Support', 'HD', '2023-10-09 07:11:25', 1, '2023-10-09 15:07:14'),
(94, '0f2b9859-6673-11ee-abd0-00163e2213cc', '660029', 3, '05:30:00', '08:00:00', '2023-10-09', '2023-10-09', 'ระยอง-มาบข่า', 1, 'Support', 'HD', '2023-10-09 07:11:25', 1, '2023-10-09 15:07:14'),
(95, 'a90bd5bc-6673-11ee-abd0-00163e2213cc', '650034', 3, '06:00:00', '08:00:00', '2023-10-09', '2023-10-09', 'สะพานสี่ 1', 1, 'Start up mc BZ', 'Bz', '2023-10-09 07:15:43', 1, '2023-10-09 15:08:54'),
(96, '3ca015e5-6679-11ee-abd0-00163e2213cc', '490141', 8, '17:30:00', '20:00:00', '2023-10-09', '2023-10-09', 'สะพานสี่ 3', 1, 'อุปกรณ์ชุดLoader G-96', 'US', '2023-10-09 07:55:38', 2, '2023-10-09 15:01:36'),
(97, 'bb146455-6679-11ee-abd0-00163e2213cc', '480188', 9, '17:00:00', '20:00:00', '2023-10-09', '2023-10-09', 'สะพานสี่ 2', 1, 'อุปกรณ์โต๊ะเช็ค100%AM-2', 'US', '2023-10-09 07:59:11', 2, '2023-10-09 15:01:33'),
(98, '865956d9-667c-11ee-abd0-00163e2213cc', '470047', 3, '05:30:00', '08:00:00', '2023-10-09', '2023-10-09', 'ม.สมาร์ทแลนด์นิวสไตล์', 1, 'Spupport', 'Spaer Part', '2023-10-09 08:19:11', 2, '2023-10-09 15:22:20'),
(99, '865956d9-667c-11ee-abd0-00163e2213cc', '480020', 3, '05:30:00', '08:00:00', '2023-10-09', '2023-10-09', 'รถส่วนตัว', 1, 'Spupport', 'Spaer Part', '2023-10-09 08:19:11', 2, '2023-10-09 15:22:20'),
(100, '865956d9-667c-11ee-abd0-00163e2213cc', '490085', 3, '05:30:00', '08:00:00', '2023-10-09', '2023-10-09', 'ม.สมาร์ทแลนด์นิวสไตล์', 1, 'Spupport', 'Spaer Part', '2023-10-09 08:19:11', 2, '2023-10-09 15:22:20'),
(101, '865956d9-667c-11ee-abd0-00163e2213cc', '570084', 3, '05:30:00', '08:00:00', '2023-10-09', '2023-10-09', 'สะพานสี่ 1', 1, 'Spupport', 'Spaer Part', '2023-10-09 08:19:11', 2, '2023-10-09 15:22:20'),
(102, '865956d9-667c-11ee-abd0-00163e2213cc', '580011', 3, '05:30:00', '08:00:00', '2023-10-09', '2023-10-09', 'ม.ปารียา-ตลาดศศิ', 1, 'Spupport', 'Spaer Part', '2023-10-09 08:19:11', 2, '2023-10-09 15:22:20'),
(103, '865956d9-667c-11ee-abd0-00163e2213cc', '580058', 3, '05:30:00', '08:00:00', '2023-10-09', '2023-10-09', 'คลอง2-หนองก้างปลา', 1, 'Spupport', 'Spaer Part', '2023-10-09 08:19:11', 2, '2023-10-09 15:22:20'),
(104, '865956d9-667c-11ee-abd0-00163e2213cc', '640061', 3, '05:30:00', '08:00:00', '2023-10-09', '2023-10-09', 'รถส่วนตัว', 1, 'Spupport', 'Spaer Part', '2023-10-09 08:19:11', 2, '2023-10-09 15:22:20'),
(105, '865956d9-667c-11ee-abd0-00163e2213cc', '640065', 3, '05:30:00', '08:00:00', '2023-10-09', '2023-10-09', 'รถส่วนตัว', 1, 'Spupport', 'Spaer Part', '2023-10-09 08:19:11', 2, '2023-10-09 15:22:20'),
(106, '865956d9-667c-11ee-abd0-00163e2213cc', '650064', 3, '05:30:00', '08:00:00', '2023-10-09', '2023-10-09', 'มาบยางพร', 1, 'Spupport', 'Spaer Part', '2023-10-09 08:19:11', 2, '2023-10-09 15:22:20'),
(107, '865956d9-667c-11ee-abd0-00163e2213cc', '660007', 3, '05:30:00', '08:00:00', '2023-10-09', '2023-10-09', 'รถส่วนตัว', 1, 'Spupport', 'Spaer Part', '2023-10-09 08:19:11', 2, '2023-10-09 15:22:20'),
(108, 'b8a4bc7c-667c-11ee-abd0-00163e2213cc', '550045', 3, '17:30:00', '20:00:00', '2023-10-09', '2023-10-09', 'แม่น้ำคู้-แยกลุงอุ้ย', 1, 'BZ,GM', 'All', '2023-10-09 08:20:35', 1, '2023-10-09 15:20:57'),
(109, 'f073c16b-6688-11ee-abd0-00163e2213cc', '660026', 2, '17:30:00', '20:00:00', '2023-10-09', '2023-10-09', 'รถส่วนตัว', 1, 'Repair', 'AOQ-4', '2023-10-09 09:48:03', 2, '2023-10-09 16:49:47'),
(110, 'cd5276ba-669b-11ee-abd0-00163e2213cc', '640062', 3, '17:30:00', '20:00:00', '2023-10-09', '2023-10-09', 'ระยอง-มาบข่า', 1, 'Test run ', 'T-15', '2023-10-09 12:03:04', 1, '2023-10-09 19:06:23'),
(111, '17d355c2-6735-11ee-abd0-00163e2213cc', '480020', 3, '05:30:00', '08:00:00', '2023-10-10', '2023-10-10', 'รถส่วนตัว', 1, 'Support all M/C', 'MC', '2023-10-10 06:20:22', 2, '2023-10-10 14:58:07'),
(112, '17d355c2-6735-11ee-abd0-00163e2213cc', '580011', 3, '05:30:00', '08:00:00', '2023-10-10', '2023-10-10', 'ม.ปารียา-ตลาดศศิ', 1, 'Support all M/C', 'MC', '2023-10-10 06:20:22', 2, '2023-10-10 14:58:07'),
(113, 'e5aef28b-6735-11ee-abd0-00163e2213cc', '380008', 2, '17:30:00', '20:00:00', '2023-10-10', '2023-10-10', 'มาบเตย-ม.ปาล์มวิลล่า', 1, 'ติดตั้งหลอดเช็คน้ำมัน', 'R-11', '2023-10-10 06:26:07', 2, '2023-10-10 14:57:59'),
(114, '49c1d6bd-6736-11ee-abd0-00163e2213cc', '640065', 3, '17:30:00', '20:00:00', '2023-10-10', '2023-10-10', 'รถส่วนตัว', 1, 'Support BZ/OQ/GM', 'M/C', '2023-10-10 06:28:55', 2, '2023-10-10 14:58:11'),
(115, '7121f1db-6742-11ee-abd0-00163e2213cc', '640046', 3, '17:30:00', '20:00:00', '2023-10-10', '2023-10-10', 'สะพานสี่ 1', 1, 'Support M/C', 'M/C', '2023-10-10 07:55:55', 2, '2023-10-10 14:58:16'),
(116, '9aecfc7e-6742-11ee-abd0-00163e2213cc', '500010', 9, '17:30:00', '20:00:00', '2023-10-10', '2023-10-10', 'สะพานสี่ 1', 1, 'Check part W-06', 'W-06', '2023-10-10 07:57:05', 1, '2023-10-10 20:56:43'),
(117, '9aecfc7e-6742-11ee-abd0-00163e2213cc', '620036', 9, '17:30:00', '20:00:00', '2023-10-10', '2023-10-10', 'ระยอง-ตะพง-เกาะกลอย', 1, 'Check part W-06', 'W-06', '2023-10-10 07:57:05', 1, '2023-10-10 20:56:43'),
(118, '9aecfc7e-6742-11ee-abd0-00163e2213cc', '640004', 9, '17:30:00', '20:00:00', '2023-10-10', '2023-10-10', 'มาบยางพร', 1, 'Check part W-06', 'W-06', '2023-10-10 07:57:05', 1, '2023-10-10 20:56:43'),
(119, '9aecfc7e-6742-11ee-abd0-00163e2213cc', '640062', 9, '17:30:00', '20:00:00', '2023-10-10', '2023-10-10', 'ระยอง-มาบข่า', 1, 'Check part W-06', 'W-06', '2023-10-10 07:57:05', 1, '2023-10-10 20:56:43'),
(120, '9aecfc7e-6742-11ee-abd0-00163e2213cc', '650013', 9, '17:30:00', '20:00:00', '2023-10-10', '2023-10-10', 'ระยอง-ปากน้ำ-วัดโขดหิน', 1, 'Check part W-06', 'W-06', '2023-10-10 07:57:05', 1, '2023-10-10 20:56:43'),
(121, '9aecfc7e-6742-11ee-abd0-00163e2213cc', '650034', 9, '17:30:00', '20:00:00', '2023-10-10', '2023-10-10', 'สะพานสี่ 1', 1, 'Check part W-06', 'W-06', '2023-10-10 07:57:05', 1, '2023-10-10 20:56:43'),
(122, '9aecfc7e-6742-11ee-abd0-00163e2213cc', '660016', 9, '17:30:00', '20:00:00', '2023-10-10', '2023-10-10', 'สะพานสี่ 1', 1, 'Check part W-06', 'W-06', '2023-10-10 07:57:05', 1, '2023-10-10 20:56:43'),
(123, '12fd0f5e-6743-11ee-abd0-00163e2213cc', '480188', 9, '17:30:00', '20:00:00', '2023-10-10', '2023-10-10', 'สะพานสี่ 2', 1, 'ซ่อมรถเห็น adc', 'US', '2023-10-10 08:00:27', 2, '2023-10-10 15:03:39'),
(126, '6493a83f-6774-11ee-abd0-00163e2213cc', '630015', 2, '17:00:00', '21:00:00', '2023-10-10', '2023-10-10', 'โป่งสะเก็ต-บุญส่ง', 1, 'Startup หลังไฟดับ', 'GM-3', '2023-10-10 13:53:29', 1, '2023-10-10 20:56:38'),
(127, '6493a83f-6774-11ee-abd0-00163e2213cc', '650034', 2, '17:00:00', '21:00:00', '2023-10-10', '2023-10-10', 'สะพานสี่ 1', 1, 'Startup หลังไฟดับ', 'GM-3', '2023-10-10 13:53:29', 1, '2023-10-10 20:56:38'),
(128, '512a8538-67e0-11ee-abd0-00163e2213cc', '630015', 3, '17:00:00', '21:00:00', '2023-10-10', '2023-10-10', 'โป่งสะเก็ต-บุญส่ง', 1, 'Support ', 'GM-3', '2023-10-11 02:46:02', 1, '2023-10-11 10:53:46'),
(129, '512a8538-67e0-11ee-abd0-00163e2213cc', '640004', 3, '17:00:00', '21:00:00', '2023-10-10', '2023-10-10', 'รถส่วนตัว', 1, 'Support ', 'GM-3', '2023-10-11 02:46:02', 1, '2023-10-11 10:53:46'),
(130, '512a8538-67e0-11ee-abd0-00163e2213cc', '640062', 3, '17:00:00', '21:00:00', '2023-10-10', '2023-10-10', 'รถส่วนตัว', 1, 'Support ', 'GM-3', '2023-10-11 02:46:02', 1, '2023-10-11 10:53:46'),
(131, '512a8538-67e0-11ee-abd0-00163e2213cc', '650013', 3, '17:00:00', '21:00:00', '2023-10-10', '2023-10-10', 'ระยอง-ปากน้ำ-วัดโขดหิน', 1, 'Support ', 'GM-3', '2023-10-11 02:46:02', 1, '2023-10-11 10:53:46'),
(132, '512a8538-67e0-11ee-abd0-00163e2213cc', '650034', 3, '17:00:00', '21:00:00', '2023-10-10', '2023-10-10', 'รถส่วนตัว', 1, 'Support ', 'GM-3', '2023-10-11 02:46:02', 1, '2023-10-11 10:53:46'),
(133, '512a8538-67e0-11ee-abd0-00163e2213cc', '660016', 3, '17:00:00', '21:00:00', '2023-10-10', '2023-10-10', 'สะพานสี่ 1', 1, 'Support ', 'GM-3', '2023-10-11 02:46:02', 1, '2023-10-11 10:53:46'),
(134, 'f7f17e7b-67e8-11ee-abd0-00163e2213cc', '480092', 9, '08:00:00', '17:00:00', '2023-10-13', '2023-10-13', 'สะพานสี่ 1', 1, 'เปลี่ยนหม้อ Part feader', 'IM-30', '2023-10-11 03:47:58', 2, '2023-10-11 10:54:38'),
(135, 'f7f17e7b-67e8-11ee-abd0-00163e2213cc', '480188', 9, '08:00:00', '17:00:00', '2023-10-13', '2023-10-13', 'รถส่วนตัว', 1, 'เปลี่ยนหม้อ Part feader', 'IM-30', '2023-10-11 03:47:58', 2, '2023-10-11 10:54:38'),
(136, 'f7f17e7b-67e8-11ee-abd0-00163e2213cc', '490141', 9, '08:00:00', '17:00:00', '2023-10-13', '2023-10-13', 'สะพานสี่ 3', 1, 'เปลี่ยนหม้อ Part feader', 'IM-30', '2023-10-11 03:47:58', 2, '2023-10-11 10:54:38'),
(137, 'f7f17e7b-67e8-11ee-abd0-00163e2213cc', '510079', 9, '08:00:00', '17:00:00', '2023-10-13', '2023-10-13', 'รถส่วนตัว', 1, 'เปลี่ยนหม้อ Part feader', 'IM-30', '2023-10-11 03:47:58', 2, '2023-10-11 10:54:38'),
(138, 'f7f17e7b-67e8-11ee-abd0-00163e2213cc', '570007', 9, '08:00:00', '17:00:00', '2023-10-13', '2023-10-13', 'สะพานสี่ 5', 1, 'เปลี่ยนหม้อ Part feader', 'IM-30', '2023-10-11 03:47:58', 2, '2023-10-11 10:54:38'),
(139, 'f7f17e7b-67e8-11ee-abd0-00163e2213cc', '570047', 9, '08:00:00', '17:00:00', '2023-10-13', '2023-10-13', 'รถส่วนตัว', 1, 'เปลี่ยนหม้อ Part feader', 'IM-30', '2023-10-11 03:47:58', 2, '2023-10-11 10:54:38'),
(140, '3e8cd5d7-67eb-11ee-abd0-00163e2213cc', '480092', 9, '08:00:00', '17:00:00', '2023-10-14', '2023-10-14', 'สะพานสี่ 1', 1, 'Modify ติดตั้ง cover Rotary', 'G-35', '2023-10-11 04:04:15', 2, '2023-10-11 16:50:01'),
(141, '3e8cd5d7-67eb-11ee-abd0-00163e2213cc', '480188', 9, '08:00:00', '17:00:00', '2023-10-14', '2023-10-14', 'รถส่วนตัว', 1, 'Modify ติดตั้ง cover Rotary', 'G-35', '2023-10-11 04:04:15', 2, '2023-10-11 16:50:01'),
(142, '3e8cd5d7-67eb-11ee-abd0-00163e2213cc', '490141', 9, '08:00:00', '17:00:00', '2023-10-14', '2023-10-14', 'สะพานสี่ 3', 1, 'Modify ติดตั้ง cover Rotary', 'G-35', '2023-10-11 04:04:15', 2, '2023-10-11 16:50:01'),
(143, '3e8cd5d7-67eb-11ee-abd0-00163e2213cc', '510079', 9, '08:00:00', '17:00:00', '2023-10-14', '2023-10-14', 'สะพานสี่ 4', 1, 'Modify ติดตั้ง cover Rotary', 'G-35', '2023-10-11 04:04:15', 2, '2023-10-11 16:50:01'),
(144, '3e8cd5d7-67eb-11ee-abd0-00163e2213cc', '570007', 9, '08:00:00', '17:00:00', '2023-10-14', '2023-10-14', 'สะพานสี่ 5', 1, 'Modify ติดตั้ง cover Rotary', 'G-35', '2023-10-11 04:04:15', 2, '2023-10-11 16:50:01'),
(145, 'd2f14a0b-67ec-11ee-abd0-00163e2213cc', '480092', 9, '08:00:00', '17:00:00', '2023-10-15', '2023-10-15', 'สะพานสี่ 1', 1, 'Modify ติดตั้ง cover Rotary', 'G-35', '2023-10-11 04:15:34', 2, '2023-10-11 16:49:58'),
(146, 'd2f14a0b-67ec-11ee-abd0-00163e2213cc', '490141', 9, '08:00:00', '17:00:00', '2023-10-15', '2023-10-15', 'สะพานสี่ 3', 1, 'Modify ติดตั้ง cover Rotary', 'G-35', '2023-10-11 04:15:34', 2, '2023-10-11 16:49:58'),
(147, 'd2f14a0b-67ec-11ee-abd0-00163e2213cc', '570007', 9, '08:00:00', '17:00:00', '2023-10-15', '2023-10-15', 'สะพานสี่ 5', 1, 'Modify ติดตั้ง cover Rotary', 'G-35', '2023-10-11 04:15:34', 2, '2023-10-11 16:49:58'),
(148, 'e85acad9-6801-11ee-abd0-00163e2213cc', '480020', 3, '05:30:00', '08:00:00', '2023-10-11', '2023-10-11', 'รถส่วนตัว', 1, 'Support all M/C', 'M/C', '2023-10-11 06:46:29', 2, '2023-10-11 16:49:55'),
(149, 'e85acad9-6801-11ee-abd0-00163e2213cc', '580011', 3, '05:30:00', '08:00:00', '2023-10-11', '2023-10-11', 'รถส่วนตัว', 1, 'Support all M/C', 'M/C', '2023-10-11 06:46:29', 2, '2023-10-11 16:49:55'),
(150, 'fde6c707-6802-11ee-abd0-00163e2213cc', '380008', 3, '17:30:00', '20:00:00', '2023-10-11', '2023-10-11', 'รถส่วนตัว', 1, 'Support all M/C', 'M/C', '2023-10-11 06:54:15', 2, '2023-10-11 16:49:52'),
(151, 'fde6c707-6802-11ee-abd0-00163e2213cc', '470024', 3, '17:30:00', '20:00:00', '2023-10-11', '2023-10-11', 'รถส่วนตัว', 1, 'Support all M/C', 'M/C', '2023-10-11 06:54:15', 2, '2023-10-11 16:49:52'),
(152, 'fde6c707-6802-11ee-abd0-00163e2213cc', '470047', 3, '17:30:00', '20:00:00', '2023-10-11', '2023-10-11', 'ม.สมาร์ทแลนด์นิวสไตล์', 1, 'Support all M/C', 'M/C', '2023-10-11 06:54:15', 2, '2023-10-11 16:49:52'),
(153, 'fde6c707-6802-11ee-abd0-00163e2213cc', '640061', 3, '17:30:00', '20:00:00', '2023-10-11', '2023-10-11', 'รถส่วนตัว', 1, 'Support all M/C', 'M/C', '2023-10-11 06:54:15', 2, '2023-10-11 16:49:52'),
(154, 'fde6c707-6802-11ee-abd0-00163e2213cc', '650064', 3, '17:30:00', '20:00:00', '2023-10-11', '2023-10-11', 'มาบยางพร', 1, 'Support all M/C', 'M/C', '2023-10-11 06:54:15', 2, '2023-10-11 16:49:52'),
(155, 'fde6c707-6802-11ee-abd0-00163e2213cc', '660007', 3, '17:30:00', '20:00:00', '2023-10-11', '2023-10-11', 'รถส่วนตัว', 1, 'Support all M/C', 'M/C', '2023-10-11 06:54:15', 2, '2023-10-11 16:49:52'),
(156, 'fde6c707-6802-11ee-abd0-00163e2213cc', '660026', 3, '17:30:00', '20:00:00', '2023-10-11', '2023-10-11', 'รถส่วนตัว', 1, 'Support all M/C', 'M/C', '2023-10-11 06:54:15', 2, '2023-10-11 16:49:52'),
(157, '8a8c1cb8-6806-11ee-abd0-00163e2213cc', '500010', 9, '17:30:00', '20:00:00', '2023-10-11', '2023-10-11', 'รถส่วนตัว', 1, 'เปลี่ยนโคมไฟ', 'H-60', '2023-10-11 07:19:39', 1, '2023-10-11 17:30:07'),
(158, '8a8c1cb8-6806-11ee-abd0-00163e2213cc', '620036', 9, '17:30:00', '20:00:00', '2023-10-11', '2023-10-11', 'ระยอง-ตะพง-เกาะกลอย', 1, 'เปลี่ยนโคมไฟ', 'H-60', '2023-10-11 07:19:39', 1, '2023-10-11 17:30:07'),
(159, '8a8c1cb8-6806-11ee-abd0-00163e2213cc', '650013', 9, '17:30:00', '20:00:00', '2023-10-11', '2023-10-11', 'ระยอง-ปากน้ำ-วัดโขดหิน', 1, 'เปลี่ยนโคมไฟ', 'H-60', '2023-10-11 07:19:39', 1, '2023-10-11 17:30:07'),
(160, '8a8c1cb8-6806-11ee-abd0-00163e2213cc', '650034', 9, '17:30:00', '20:00:00', '2023-10-11', '2023-10-11', 'สะพานสี่ 1', 1, 'เปลี่ยนโคมไฟ', 'H-60', '2023-10-11 07:19:39', 1, '2023-10-11 17:30:07'),
(161, '8a8c1cb8-6806-11ee-abd0-00163e2213cc', '660015', 9, '17:30:00', '20:00:00', '2023-10-11', '2023-10-11', 'สะพานสี่ 1', 1, 'เปลี่ยนโคมไฟ', 'H-60', '2023-10-11 07:19:39', 1, '2023-10-11 17:30:07'),
(162, '8a8c1cb8-6806-11ee-abd0-00163e2213cc', '660029', 9, '17:30:00', '20:00:00', '2023-10-11', '2023-10-11', 'ระยอง-มาบข่า', 1, 'เปลี่ยนโคมไฟ', 'H-60', '2023-10-11 07:19:39', 1, '2023-10-11 17:30:07'),
(163, '92b1be8a-680e-11ee-abd0-00163e2213cc', '490141', 9, '17:30:00', '20:00:00', '2023-10-11', '2023-10-11', 'หัวสนามบิน-บึงทอง', 1, 'สร้าง cover G-35', 'US', '2023-10-11 08:17:09', 2, '2023-10-11 16:49:49'),
(164, '92b1be8a-680e-11ee-abd0-00163e2213cc', '570047', 9, '17:30:00', '20:00:00', '2023-10-11', '2023-10-11', 'สะพานสี่ 6', 1, 'สร้าง cover G-35', 'US', '2023-10-11 08:17:09', 2, '2023-10-11 16:49:49'),
(165, 'b7ad2aaf-680f-11ee-abd0-00163e2213cc', '480188', 9, '17:30:00', '20:00:00', '2023-10-11', '2023-10-11', 'รถส่วนตัว', 1, 'ซ่อมรถเข็น ATC', 'US', '2023-10-11 08:25:21', 2, '2023-10-11 16:49:44'),
(168, '7e7b550d-68cd-11ee-abd0-00163e2213cc', '380008', 9, '08:00:00', '17:00:00', '2023-10-13', '2023-10-13', 'รถส่วนตัว', 1, 'ติ้งตั้งชุดจับแม่แรง', 'CJ-1', '2023-10-12 07:03:49', 2, '2023-10-12 14:05:25'),
(169, 'be42c051-68cd-11ee-abd0-00163e2213cc', '560061', 5, '08:00:00', '17:00:00', '2023-10-13', '2023-10-13', 'รถส่วนตัว', 1, 'O/H', 'H-32', '2023-10-12 07:05:36', 2, '2023-10-12 15:50:42'),
(170, 'feaab1f2-68cd-11ee-abd0-00163e2213cc', '640046', 4, '08:00:00', '17:00:00', '2023-10-13', '2023-10-13', 'รถส่วนตัว', 1, 'เช็คความเที่ยงตรง', 'H-62', '2023-10-12 07:07:24', 2, '2023-10-12 15:50:40'),
(171, '52276a20-68ce-11ee-abd0-00163e2213cc', '470024', 8, '08:00:00', '17:00:00', '2023-10-13', '2023-10-13', 'รถส่วนตัว', 1, 'สร้างเครื่องยกชิ้นงาน', 'CF-2', '2023-10-12 07:09:44', 2, '2023-10-12 15:50:38'),
(172, '7830af3f-68cf-11ee-abd0-00163e2213cc', '580058', 4, '08:00:00', '17:00:00', '2023-10-13', '2023-10-13', 'รถส่วนตัว', 1, 'ตัดต่อสายพานเตาเผาแข็ง', 'OQ-16', '2023-10-12 07:17:57', 2, '2023-10-12 15:50:35'),
(173, 'dc39b31b-68cf-11ee-abd0-00163e2213cc', '640061', 4, '08:00:00', '17:00:00', '2023-10-13', '2023-10-13', 'รถส่วนตัว', 1, 'เปลี่ยน Air Cylinder ชุดโหลดก่อนเข้าเตา', 'BZ_8', '2023-10-12 07:20:45', 2, '2023-10-12 15:50:33'),
(174, '3f847422-68d0-11ee-abd0-00163e2213cc', '470047', 3, '08:00:00', '17:00:00', '2023-10-13', '2023-10-13', 'รถส่วนตัว', 1, 'Support Spare part ', 'M/C', '2023-10-12 07:23:32', 2, '2023-10-12 15:50:31'),
(175, '26cd3f10-68d1-11ee-abd0-00163e2213cc', '480170', 9, '08:00:00', '17:00:00', '2023-10-13', '2023-10-13', 'รถส่วนตัว', 2, 'ติดตั้งระบบ จับชิ้นงาน', 'JC-1', '2023-10-12 07:30:00', 1, '2023-10-12 15:20:23'),
(176, '26cd3f10-68d1-11ee-abd0-00163e2213cc', '630015', 9, '08:00:00', '17:00:00', '2023-10-13', '2023-10-13', 'โป่งสะเก็ต-บุญส่ง', 2, 'ติดตั้งระบบ จับชิ้นงาน', 'JC-1', '2023-10-12 07:30:00', 1, '2023-10-12 15:20:23'),
(177, '26cd3f10-68d1-11ee-abd0-00163e2213cc', '640004', 9, '08:00:00', '17:00:00', '2023-10-13', '2023-10-13', 'รถส่วนตัว', 2, 'ติดตั้งระบบ จับชิ้นงาน', 'JC-1', '2023-10-12 07:30:00', 1, '2023-10-12 15:20:23'),
(178, '26cd3f10-68d1-11ee-abd0-00163e2213cc', '640062', 9, '08:00:00', '17:00:00', '2023-10-13', '2023-10-13', 'รถส่วนตัว', 2, 'ติดตั้งระบบ จับชิ้นงาน', 'JC-1', '2023-10-12 07:30:00', 1, '2023-10-12 15:20:23'),
(179, '26cd3f10-68d1-11ee-abd0-00163e2213cc', '650013', 9, '08:00:00', '17:00:00', '2023-10-13', '2023-10-13', 'รถส่วนตัว', 2, 'ติดตั้งระบบ จับชิ้นงาน', 'JC-1', '2023-10-12 07:30:00', 1, '2023-10-12 15:20:23'),
(180, '26cd3f10-68d1-11ee-abd0-00163e2213cc', '650034', 9, '08:00:00', '17:00:00', '2023-10-13', '2023-10-13', 'รถส่วนตัว', 2, 'ติดตั้งระบบ จับชิ้นงาน', 'JC-1', '2023-10-12 07:30:00', 1, '2023-10-12 15:20:23'),
(181, '26cd3f10-68d1-11ee-abd0-00163e2213cc', '660015', 9, '08:00:00', '17:00:00', '2023-10-13', '2023-10-13', 'สะพานสี่ 1', 2, 'ติดตั้งระบบ จับชิ้นงาน', 'JC-1', '2023-10-12 07:30:00', 1, '2023-10-12 15:20:23'),
(182, '33def608-68d3-11ee-abd0-00163e2213cc', '660007', 4, '08:00:00', '17:00:00', '2023-10-14', '2023-10-14', 'รถส่วนตัว', 1, 'แก้ไข Hanger', 'BZ-7', '2023-10-12 07:44:41', 2, '2023-10-12 15:50:28'),
(183, '7aeaf5c6-68d3-11ee-abd0-00163e2213cc', '580058', 4, '08:00:00', '17:00:00', '2023-10-14', '2023-10-14', 'รถส่วนตัว', 1, 'เปลี่ยนสายพานเตาเผาแข็ง', 'OQ-16', '2023-10-12 07:46:40', 2, '2023-10-12 15:50:26'),
(184, 'f912747f-68d4-11ee-abd0-00163e2213cc', '480188', 8, '17:30:00', '20:00:00', '2023-10-12', '2023-10-12', 'สะพานสี่ 2', 1, 'อุปกรณ์ ชุด โหลด G-96', 'US', '2023-10-12 07:57:21', 2, '2023-10-12 15:50:23'),
(185, 'f912747f-68d4-11ee-abd0-00163e2213cc', '490141', 8, '17:30:00', '20:00:00', '2023-10-12', '2023-10-12', 'หัวสนามบิน-บึงทอง', 1, 'อุปกรณ์ ชุด โหลด G-96', 'US', '2023-10-12 07:57:21', 2, '2023-10-12 15:50:23'),
(186, 'f912747f-68d4-11ee-abd0-00163e2213cc', '66T046', 8, '17:30:00', '20:00:00', '2023-10-12', '2023-10-12', 'มาบเตย-ม.ปาล์มวิลล่า', 1, 'อุปกรณ์ ชุด โหลด G-96', 'US', '2023-10-12 07:57:21', 2, '2023-10-12 15:50:23'),
(187, 'f912747f-68d4-11ee-abd0-00163e2213cc', '66T045', 8, '17:30:00', '20:00:00', '2023-10-12', '2023-10-12', 'รถส่วนตัว', 1, 'อุปกรณ์ ชุด โหลด G-96', 'US', '2023-10-12 07:57:21', 2, '2023-10-12 15:50:23'),
(188, '240cd60e-68d5-11ee-abd0-00163e2213cc', '380008', 4, '08:00:00', '17:00:00', '2023-10-15', '2023-10-15', 'รถส่วนตัว', 1, 'เปลี่ยน Bearing motor ', 'P-50', '2023-10-12 07:58:33', 2, '2023-10-12 15:50:21'),
(189, '5b8ecbe5-68d5-11ee-abd0-00163e2213cc', '500046', 5, '08:00:00', '17:00:00', '2023-10-15', '2023-10-15', 'รถส่วนตัว', 1, 'O/H', 'H-32 ', '2023-10-12 08:00:06', 2, '2023-10-12 15:50:18'),
(190, '5b8ecbe5-68d5-11ee-abd0-00163e2213cc', '560061', 5, '08:00:00', '17:00:00', '2023-10-15', '2023-10-15', 'รถส่วนตัว', 1, 'O/H', 'H-32 ', '2023-10-12 08:00:06', 2, '2023-10-12 15:50:18'),
(191, '94e555da-68d5-11ee-abd0-00163e2213cc', '580011', 4, '08:00:00', '17:00:00', '2023-10-15', '2023-10-15', 'รถส่วนตัว', 1, 'PM', 'H/D M6', '2023-10-12 08:01:43', 2, '2023-10-12 15:50:12'),
(192, 'de2a9bdd-68d5-11ee-abd0-00163e2213cc', '580058', 4, '08:00:00', '17:00:00', '2023-10-15', '2023-10-15', 'รถส่วนตัว', 1, 'เปลี่ยนBearing ชุดโหลด', 'BZ-8', '2023-10-12 08:03:45', 2, '2023-10-12 15:50:09'),
(193, '3b8a5bf0-68d6-11ee-abd0-00163e2213cc', '480020', 4, '08:00:00', '17:00:00', '2023-10-15', '2023-10-15', 'รถส่วนตัว', 1, 'เปลี่ยนลูกยางถังปั่น', 'BZ-2', '2023-10-12 08:06:22', 2, '2023-10-12 15:50:06'),
(194, '3b8a5bf0-68d6-11ee-abd0-00163e2213cc', '640061', 4, '08:00:00', '17:00:00', '2023-10-15', '2023-10-15', 'รถส่วนตัว', 1, 'เปลี่ยนลูกยางถังปั่น', 'BZ-2', '2023-10-12 08:06:22', 2, '2023-10-12 15:50:06'),
(195, 'f017ad77-68d7-11ee-abd0-00163e2213cc', '66T031', 4, '17:30:00', '20:00:00', '2023-10-12', '2023-10-12', 'สะพานสี่ 1', 1, 'PM Conveyor', 'US', '2023-10-12 08:18:35', 2, '2023-10-12 15:50:01'),
(196, 'dae8e73c-68db-11ee-abd0-00163e2213cc', '380008', 3, '17:00:00', '20:00:00', '2023-10-12', '2023-10-12', 'รถส่วนตัว', 1, 'Support all MC', 'MC', '2023-10-12 08:46:37', 2, '2023-10-12 15:49:55'),
(197, 'dae8e73c-68db-11ee-abd0-00163e2213cc', '470024', 3, '17:00:00', '20:00:00', '2023-10-12', '2023-10-12', 'รถส่วนตัว', 1, 'Support all MC', 'MC', '2023-10-12 08:46:37', 2, '2023-10-12 15:49:55'),
(198, 'dae8e73c-68db-11ee-abd0-00163e2213cc', '580058', 3, '17:00:00', '20:00:00', '2023-10-12', '2023-10-12', 'รถส่วนตัว', 1, 'Support all MC', 'MC', '2023-10-12 08:46:37', 2, '2023-10-12 15:49:55'),
(199, 'dae8e73c-68db-11ee-abd0-00163e2213cc', '640046', 3, '17:00:00', '20:00:00', '2023-10-12', '2023-10-12', 'รถส่วนตัว', 1, 'Support all MC', 'MC', '2023-10-12 08:46:37', 2, '2023-10-12 15:49:55'),
(200, 'dae8e73c-68db-11ee-abd0-00163e2213cc', '640061', 3, '17:00:00', '20:00:00', '2023-10-12', '2023-10-12', 'รถส่วนตัว', 1, 'Support all MC', 'MC', '2023-10-12 08:46:37', 2, '2023-10-12 15:49:55'),
(201, 'dae8e73c-68db-11ee-abd0-00163e2213cc', '650064', 3, '17:00:00', '20:00:00', '2023-10-12', '2023-10-12', 'มาบยางพร', 1, 'Support all MC', 'MC', '2023-10-12 08:46:37', 2, '2023-10-12 15:49:55'),
(202, 'dae8e73c-68db-11ee-abd0-00163e2213cc', '660007', 3, '17:00:00', '20:00:00', '2023-10-12', '2023-10-12', 'รถส่วนตัว', 1, 'Support all MC', 'MC', '2023-10-12 08:46:37', 2, '2023-10-12 15:49:55'),
(203, '3845e29d-68dc-11ee-abd0-00163e2213cc', '580011', 3, '05:30:00', '08:00:00', '2023-10-12', '2023-10-12', 'รถส่วนตัว', 1, 'Support all m/c', 'MC', '2023-10-12 08:49:14', 2, '2023-10-12 15:49:46'),
(204, '3532135b-68df-11ee-abd0-00163e2213cc', '480170', 4, '08:00:00', '17:00:00', '2023-10-14', '2023-10-14', 'รถส่วนตัว', 1, 'เปลี่ยน prox /limit', 'BZ-8', '2023-10-12 09:10:37', 1, '2023-10-12 17:23:09'),
(205, '3532135b-68df-11ee-abd0-00163e2213cc', '640004', 4, '08:00:00', '17:00:00', '2023-10-14', '2023-10-14', 'รถส่วนตัว', 1, 'เปลี่ยน prox /limit', 'BZ-8', '2023-10-12 09:10:37', 1, '2023-10-12 17:23:09'),
(206, '3532135b-68df-11ee-abd0-00163e2213cc', '640062', 4, '08:00:00', '17:00:00', '2023-10-14', '2023-10-14', 'รถส่วนตัว', 1, 'เปลี่ยน prox /limit', 'BZ-8', '2023-10-12 09:10:37', 1, '2023-10-12 17:23:09'),
(207, '3532135b-68df-11ee-abd0-00163e2213cc', '650013', 4, '08:00:00', '17:00:00', '2023-10-14', '2023-10-14', 'รถส่วนตัว', 1, 'เปลี่ยน prox /limit', 'BZ-8', '2023-10-12 09:10:37', 1, '2023-10-12 17:23:09'),
(208, '3532135b-68df-11ee-abd0-00163e2213cc', '650034', 4, '08:00:00', '17:00:00', '2023-10-14', '2023-10-14', 'รถส่วนตัว', 1, 'เปลี่ยน prox /limit', 'BZ-8', '2023-10-12 09:10:37', 1, '2023-10-12 17:23:09'),
(209, '3532135b-68df-11ee-abd0-00163e2213cc', '660029', 4, '08:00:00', '17:00:00', '2023-10-14', '2023-10-14', 'ระยอง-มาบข่า', 1, 'เปลี่ยน prox /limit', 'BZ-8', '2023-10-12 09:10:37', 1, '2023-10-12 17:23:09'),
(210, '0677099b-68e0-11ee-abd0-00163e2213cc', '480170', 4, '08:00:00', '17:00:00', '2023-10-15', '2023-10-15', 'รถส่วนตัว', 1, 'Pmเครื่องจักร', 'RLm8', '2023-10-12 09:16:28', 1, '2023-10-12 17:23:37'),
(211, '0677099b-68e0-11ee-abd0-00163e2213cc', '640004', 4, '08:00:00', '17:00:00', '2023-10-15', '2023-10-15', 'รถส่วนตัว', 1, 'Pmเครื่องจักร', 'RLm8', '2023-10-12 09:16:28', 1, '2023-10-12 17:23:37'),
(212, '0677099b-68e0-11ee-abd0-00163e2213cc', '640062', 4, '08:00:00', '17:00:00', '2023-10-15', '2023-10-15', 'รถส่วนตัว', 1, 'Pmเครื่องจักร', 'RLm8', '2023-10-12 09:16:28', 1, '2023-10-12 17:23:37'),
(213, '0677099b-68e0-11ee-abd0-00163e2213cc', '650013', 4, '08:00:00', '17:00:00', '2023-10-15', '2023-10-15', 'ระยอง-ปากน้ำ-วัดโขดหิน', 1, 'Pmเครื่องจักร', 'RLm8', '2023-10-12 09:16:28', 1, '2023-10-12 17:23:37'),
(214, '0677099b-68e0-11ee-abd0-00163e2213cc', '660029', 4, '08:00:00', '17:00:00', '2023-10-15', '2023-10-15', 'ระยอง-มาบข่า', 1, 'Pmเครื่องจักร', 'RLm8', '2023-10-12 09:16:28', 1, '2023-10-12 17:23:37'),
(216, 'f4750d1d-68e0-11ee-abd0-00163e2213cc', '630015', 3, '08:00:00', '20:00:00', '2023-10-13', '2023-10-13', 'โป่งสะเก็ต-บุญส่ง', 1, 'Support ', 'Mc', '2023-10-12 09:23:07', 1, '2023-10-12 17:23:49'),
(217, 'f4750d1d-68e0-11ee-abd0-00163e2213cc', '650034', 3, '08:00:00', '20:00:00', '2023-10-13', '2023-10-13', 'รถส่วนตัว', 1, 'Support ', 'Mc', '2023-10-12 09:23:07', 1, '2023-10-12 17:23:49'),
(218, '1124646f-68e2-11ee-abd0-00163e2213cc', '480170', 8, '08:00:00', '17:00:00', '2023-10-13', '2023-10-13', 'รถส่วนตัว', 1, 'ติดตั้งชุดโหลด', 'BZ-6', '2023-10-12 09:31:05', 1, '2023-10-12 17:25:04'),
(219, '807f921d-68e2-11ee-abd0-00163e2213cc', '640004', 4, '08:00:00', '17:00:00', '2023-10-13', '2023-10-13', 'รถส่วนตัว', 1, 'เปลี่ยน servo iai', 'IN-1', '2023-10-12 09:34:12', 1, '2023-10-12 17:25:01'),
(220, 'd1bef8ef-68e2-11ee-abd0-00163e2213cc', '640062', 9, '08:00:00', '17:00:00', '2023-10-13', '2023-10-13', 'รถส่วนตัว', 1, 'เปลี่ยน counter board', 'BW-4', '2023-10-12 09:36:28', 1, '2023-10-12 17:24:58'),
(221, 'd1bef8ef-68e2-11ee-abd0-00163e2213cc', '660015', 9, '08:00:00', '17:00:00', '2023-10-13', '2023-10-13', 'สะพานสี่ 1', 1, 'เปลี่ยน counter board', 'BW-4', '2023-10-12 09:36:28', 1, '2023-10-12 17:24:58'),
(222, '13dfe106-68e3-11ee-abd0-00163e2213cc', '650013', 9, '08:00:00', '17:00:00', '2023-10-13', '2023-10-13', 'รถส่วนตัว', 1, 'ติตตั้งตัวจับชิ้นงาน', 'JC-1', '2023-10-12 09:38:19', 1, '2023-10-12 17:24:54'),
(223, '57b9b34b-68e3-11ee-abd0-00163e2213cc', '630015', 3, '08:00:00', '20:00:00', '2023-10-13', '2023-10-13', 'โป่งสะเก็ต-บุญส่ง', 1, 'Support', 'All', '2023-10-12 09:40:13', 1, '2023-10-12 17:24:32'),
(224, '57b9b34b-68e3-11ee-abd0-00163e2213cc', '650034', 3, '08:00:00', '20:00:00', '2023-10-13', '2023-10-13', 'รถส่วนตัว', 1, 'Support', 'All', '2023-10-12 09:40:13', 1, '2023-10-12 17:24:36'),
(225, '26c3f1f5-68e4-11ee-abd0-00163e2213cc', '500010', 3, '20:00:00', '08:00:00', '2023-10-12', '2023-10-13', 'รถส่วนตัว', 1, 'Support', 'All', '2023-10-12 09:46:00', 1, '2023-10-12 17:24:23'),
(226, '54400161-68e4-11ee-abd0-00163e2213cc', '640062', 3, '17:30:00', '20:00:00', '2023-10-12', '2023-10-12', 'รถส่วนตัว', 1, 'Support', 'All', '2023-10-12 09:47:17', 1, '2023-10-12 17:24:11'),
(227, '54400161-68e4-11ee-abd0-00163e2213cc', '650034', 3, '17:30:00', '20:00:00', '2023-10-12', '2023-10-12', 'สะพานสี่ 1', 1, 'Support', 'All', '2023-10-12 09:47:17', 1, '2023-10-12 17:24:11'),
(228, '8ad6da28-68e4-11ee-abd0-00163e2213cc', '660015', 9, '17:30:00', '20:00:00', '2023-10-12', '2023-10-12', 'สะพานสี่ 1', 1, 'ติดตั้วโคมไฟ', 'H-84', '2023-10-12 09:48:48', 1, '2023-10-12 17:24:06'),
(229, '8ad6da28-68e4-11ee-abd0-00163e2213cc', '660029', 9, '17:30:00', '20:00:00', '2023-10-12', '2023-10-12', 'ระยอง-มาบข่า', 1, 'ติดตั้วโคมไฟ', 'H-84', '2023-10-12 09:48:48', 1, '2023-10-12 17:24:06'),
(230, '31ad6c79-6a31-11ee-abd0-00163e2213cc', '580058', 3, '17:30:00', '20:00:00', '2023-10-13', '2023-10-13', 'รถส่วนตัว', 1, 'Support BZ', 'BZ', '2023-10-14 01:30:01', 2, '2023-10-14 09:18:50'),
(231, '3ef295ca-6bf9-11ee-abd0-00163e2213cc', '480052', 3, '05:30:00', '08:00:00', '2023-10-16', '2023-10-16', 'รถส่วนตัว', 1, 'Support all mc', 'M/C', '2023-10-16 07:54:34', 2, '2023-10-16 15:03:17'),
(232, '3ef295ca-6bf9-11ee-abd0-00163e2213cc', '650004', 3, '05:30:00', '08:00:00', '2023-10-16', '2023-10-16', 'รถส่วนตัว', 1, 'Support all mc', 'M/C', '2023-10-16 07:54:34', 2, '2023-10-16 15:03:17'),
(233, '8adc7a19-6bf9-11ee-abd0-00163e2213cc', '640061', 3, '05:00:00', '08:00:00', '2023-10-16', '2023-10-16', 'รถส่วนตัว', 1, 'Support BZ', 'BZ', '2023-10-16 07:56:41', 2, '2023-10-16 15:03:12'),
(234, '07e54acd-6bfa-11ee-abd0-00163e2213cc', '470024', 3, '17:30:00', '20:00:00', '2023-10-16', '2023-10-16', 'รถส่วนตัว', 1, 'Support all mc', 'M/C', '2023-10-16 08:00:11', 2, '2023-10-16 15:03:03'),
(235, '07e54acd-6bfa-11ee-abd0-00163e2213cc', '480020', 3, '17:30:00', '20:00:00', '2023-10-16', '2023-10-16', 'รถส่วนตัว', 1, 'Support all mc', 'M/C', '2023-10-16 08:00:11', 2, '2023-10-16 15:03:03'),
(236, '07e54acd-6bfa-11ee-abd0-00163e2213cc', '660026', 3, '17:30:00', '20:00:00', '2023-10-16', '2023-10-16', 'รถส่วนตัว', 1, 'Support all mc', 'M/C', '2023-10-16 08:00:11', 2, '2023-10-16 15:03:03'),
(237, 'b642db93-6c12-11ee-abd0-00163e2213cc', '500010', 9, '17:30:00', '20:00:00', '2023-10-16', '2023-10-16', 'รถส่วนตัว', 1, 'Replace Lighting ', 'H-28', '2023-10-16 10:56:51', 1, '2023-10-16 17:57:56'),
(238, 'b642db93-6c12-11ee-abd0-00163e2213cc', '640062', 9, '17:30:00', '20:00:00', '2023-10-16', '2023-10-16', 'รถส่วนตัว', 1, 'Replace Lighting ', 'H-28', '2023-10-16 10:56:51', 1, '2023-10-16 17:57:56'),
(239, 'b642db93-6c12-11ee-abd0-00163e2213cc', '650013', 9, '17:30:00', '20:00:00', '2023-10-16', '2023-10-16', 'ระยอง-ปากน้ำ-วัดโขดหิน', 1, 'Replace Lighting ', 'H-28', '2023-10-16 10:56:51', 1, '2023-10-16 17:57:56'),
(240, 'b642db93-6c12-11ee-abd0-00163e2213cc', '650034', 9, '17:30:00', '20:00:00', '2023-10-16', '2023-10-16', 'สะพานสี่ 1', 1, 'Replace Lighting ', 'H-28', '2023-10-16 10:56:51', 1, '2023-10-16 17:57:56'),
(241, 'b642db93-6c12-11ee-abd0-00163e2213cc', '660015', 9, '17:30:00', '20:00:00', '2023-10-16', '2023-10-16', 'สะพานสี่ 1', 1, 'Replace Lighting ', 'H-28', '2023-10-16 10:56:51', 1, '2023-10-16 17:57:56'),
(242, 'b642db93-6c12-11ee-abd0-00163e2213cc', '660016', 9, '17:30:00', '20:00:00', '2023-10-16', '2023-10-16', 'รถส่วนตัว', 1, 'Replace Lighting ', 'H-28', '2023-10-16 10:56:51', 1, '2023-10-16 17:57:56'),
(243, 'b642db93-6c12-11ee-abd0-00163e2213cc', '660029', 9, '17:30:00', '20:00:00', '2023-10-16', '2023-10-16', 'ระยอง-มาบข่า', 1, 'Replace Lighting ', 'H-28', '2023-10-16 10:56:51', 1, '2023-10-16 17:57:56'),
(244, '862e2a6c-6cbd-11ee-abd0-00163e2213cc', '640062', 3, '05:30:00', '08:00:00', '2023-10-17', '2023-10-17', 'รถส่วนตัว', 1, 'Support', 'All', '2023-10-17 07:19:35', 1, '2023-10-17 17:21:24'),
(245, '862e2a6c-6cbd-11ee-abd0-00163e2213cc', '650034', 3, '05:30:00', '08:00:00', '2023-10-17', '2023-10-17', 'รถส่วนตัว', 1, 'Support', 'All', '2023-10-17 07:19:35', 1, '2023-10-17 17:21:26'),
(246, 'b17602a2-6cbd-11ee-abd0-00163e2213cc', '500010', 3, '17:30:00', '20:00:00', '2023-10-17', '2023-10-17', 'รถส่วนตัว', 1, 'Support', 'GM', '2023-10-17 07:20:47', 1, '2023-10-17 17:21:32'),
(247, 'dc9d8065-6cbd-11ee-abd0-00163e2213cc', '550045', 3, '17:30:00', '20:00:00', '2023-10-17', '2023-10-17', 'แม่น้ำคู้-แยกลุงอุ้ย', 1, 'Support', 'BZ', '2023-10-17 07:22:00', 1, '2023-10-17 17:21:53'),
(248, 'f8ea2a6c-6cbd-11ee-abd0-00163e2213cc', '660016', 3, '17:30:00', '20:00:00', '2023-10-17', '2023-10-17', 'สะพานสี่ 1', 1, 'Support', 'HD', '2023-10-17 07:22:47', 1, '2023-10-17 17:21:58'),
(249, '4fc61eb2-6cc2-11ee-abd0-00163e2213cc', '470047', 3, '05:30:00', '08:00:00', '2023-10-17', '2023-10-17', 'รถส่วนตัว', 1, 'Support', 'Spare part', '2023-10-17 07:53:51', 2, '2023-10-17 14:57:42'),
(250, '4fc61eb2-6cc2-11ee-abd0-00163e2213cc', '480020', 3, '05:30:00', '08:00:00', '2023-10-17', '2023-10-17', 'รถส่วนตัว', 1, 'Support', 'Spare part', '2023-10-17 07:53:51', 2, '2023-10-17 14:57:42'),
(251, '4fc61eb2-6cc2-11ee-abd0-00163e2213cc', '480052', 3, '05:30:00', '08:00:00', '2023-10-17', '2023-10-17', 'รถส่วนตัว', 1, 'Support', 'Spare part', '2023-10-17 07:53:51', 2, '2023-10-17 14:57:42'),
(252, '4fc61eb2-6cc2-11ee-abd0-00163e2213cc', '640061', 3, '05:30:00', '08:00:00', '2023-10-17', '2023-10-17', 'รถส่วนตัว', 1, 'Support', 'Spare part', '2023-10-17 07:53:51', 2, '2023-10-17 14:57:42'),
(253, '4fc61eb2-6cc2-11ee-abd0-00163e2213cc', '650004', 3, '05:30:00', '08:00:00', '2023-10-17', '2023-10-17', 'รถส่วนตัว', 1, 'Support', 'Spare part', '2023-10-17 07:53:51', 2, '2023-10-17 14:57:42'),
(254, '4fc61eb2-6cc2-11ee-abd0-00163e2213cc', '660026', 3, '05:30:00', '08:00:00', '2023-10-17', '2023-10-17', 'รถส่วนตัว', 1, 'Support', 'Spare part', '2023-10-17 07:53:51', 2, '2023-10-17 14:57:42'),
(255, '79c77065-6cc6-11ee-abd0-00163e2213cc', '480092', 4, '17:30:00', '20:00:00', '2023-10-17', '2023-10-17', 'สะพานสี่ 1', 1, 'PM Conveyor K-19', 'US', '2023-10-17 08:23:39', 2, '2023-10-17 17:21:44'),
(256, '79c77065-6cc6-11ee-abd0-00163e2213cc', '480188', 4, '17:30:00', '20:00:00', '2023-10-17', '2023-10-17', 'รถส่วนตัว', 1, 'PM Conveyor K-19', 'US', '2023-10-17 08:23:39', 2, '2023-10-17 17:21:44'),
(257, '79c77065-6cc6-11ee-abd0-00163e2213cc', '490141', 4, '17:30:00', '20:00:00', '2023-10-17', '2023-10-17', 'หัวสนามบิน-บึงทอง', 1, 'PM Conveyor K-19', 'US', '2023-10-17 08:23:39', 2, '2023-10-17 17:21:44'),
(258, '79c77065-6cc6-11ee-abd0-00163e2213cc', '570047', 4, '17:30:00', '20:00:00', '2023-10-17', '2023-10-17', 'รถส่วนตัว', 1, 'PM Conveyor K-19', 'US', '2023-10-17 08:23:39', 2, '2023-10-17 17:21:44'),
(259, '79c77065-6cc6-11ee-abd0-00163e2213cc', '66T045', 4, '17:30:00', '20:00:00', '2023-10-17', '2023-10-17', 'รถส่วนตัว', 1, 'PM Conveyor K-19', 'US', '2023-10-17 08:23:39', 2, '2023-10-17 17:21:44'),
(260, '79c77065-6cc6-11ee-abd0-00163e2213cc', '66T031', 4, '17:30:00', '20:00:00', '2023-10-17', '2023-10-17', 'สะพานสี่ 1', 1, 'PM Conveyor K-19', 'US', '2023-10-17 08:23:39', 2, '2023-10-17 17:21:44'),
(261, '7b88ffc7-6d80-11ee-abd0-00163e2213cc', '480188', 9, '08:00:00', '17:00:00', '2023-10-21', '2023-10-21', 'รถส่วนตัว', 1, 'Nut in horse', 'T-57', '2023-10-18 06:35:09', 2, '2023-10-18 13:51:09'),
(262, 'e0f7c249-6d80-11ee-abd0-00163e2213cc', '490141', 9, '08:00:00', '17:00:00', '2023-10-21', '2023-10-21', 'หัวสนามบิน-บึงทอง', 1, 'ตัดสายพาน Conveyor', 'H-74', '2023-10-18 06:37:59', 2, '2023-10-18 13:50:59'),
(263, 'e0f7c249-6d80-11ee-abd0-00163e2213cc', '66T045', 9, '08:00:00', '17:00:00', '2023-10-21', '2023-10-21', 'สะพานสี่ 1', 1, 'ตัดสายพาน Conveyor', 'H-74', '2023-10-18 06:37:59', 2, '2023-10-18 13:50:59'),
(264, '66fe20fc-6d81-11ee-abd0-00163e2213cc', '480092', 8, '08:00:00', '17:00:00', '2023-10-21', '2023-10-21', 'รถส่วนตัว', 1, 'เปลี่ยนสายพาน Conveyor', 'H-79', '2023-10-18 06:41:44', 2, '2023-10-18 13:50:57'),
(265, '66fe20fc-6d81-11ee-abd0-00163e2213cc', '570007', 8, '08:00:00', '17:00:00', '2023-10-21', '2023-10-21', 'สะพานสี่ 5', 1, 'เปลี่ยนสายพาน Conveyor', 'H-79', '2023-10-18 06:41:44', 2, '2023-10-18 13:50:57'),
(266, '66fe20fc-6d81-11ee-abd0-00163e2213cc', '66T031', 8, '08:00:00', '17:00:00', '2023-10-21', '2023-10-21', 'สะพานสี่ 1', 1, 'เปลี่ยนสายพาน Conveyor', 'H-79', '2023-10-18 06:41:44', 2, '2023-10-18 13:50:57'),
(267, '06a7fee7-6d82-11ee-abd0-00163e2213cc', '510079', 9, '08:00:00', '17:00:00', '2023-10-21', '2023-10-21', 'รถส่วนตัว', 1, 'แก้ไขชิ้นงานตกค้างปายรางConveyor', 'H-87', '2023-10-18 06:46:11', 2, '2023-10-18 13:50:53'),
(268, '06a7fee7-6d82-11ee-abd0-00163e2213cc', '66T047', 9, '08:00:00', '17:00:00', '2023-10-21', '2023-10-21', 'รถส่วนตัว', 1, 'แก้ไขชิ้นงานตกค้างปายรางConveyor', 'H-87', '2023-10-18 06:46:11', 2, '2023-10-18 13:50:53'),
(269, '6c914a49-6d82-11ee-abd0-00163e2213cc', '570047', 9, '08:00:00', '17:00:00', '2023-10-21', '2023-10-21', 'สะพานสี่ 6', 1, 'Modify cover. Rotary', 'G-36', '2023-10-18 06:49:02', 2, '2023-10-18 13:50:49'),
(270, '6c914a49-6d82-11ee-abd0-00163e2213cc', '66T046', 9, '08:00:00', '17:00:00', '2023-10-21', '2023-10-21', 'มาบเตย-ม.ปาล์มวิลล่า', 1, 'Modify cover. Rotary', 'G-36', '2023-10-18 06:49:02', 2, '2023-10-18 13:50:49'),
(271, '4a15a9ec-6d83-11ee-abd0-00163e2213cc', '490141', 9, '08:00:00', '17:00:00', '2023-10-22', '2023-10-22', 'รถส่วนตัว', 1, 'Modify Coverตู้เชื้อม W-06', 'W-06', '2023-10-18 06:55:14', 2, '2023-10-18 15:15:41'),
(272, '4a15a9ec-6d83-11ee-abd0-00163e2213cc', '66T045', 9, '08:00:00', '17:00:00', '2023-10-22', '2023-10-22', 'รถส่วนตัว', 1, 'Modify Coverตู้เชื้อม W-06', 'W-06', '2023-10-18 06:55:14', 2, '2023-10-18 15:15:41'),
(273, '9c7d49a1-6d83-11ee-abd0-00163e2213cc', '510079', 9, '08:00:00', '17:00:00', '2023-10-22', '2023-10-22', 'รถส่วนตัว', 1, 'แก้ไขชิ้นงานตกค้างปลายรางConveyor', 'H-28', '2023-10-18 06:57:32', 2, '2023-10-18 15:15:38'),
(274, '9c7d49a1-6d83-11ee-abd0-00163e2213cc', '66T047', 9, '08:00:00', '17:00:00', '2023-10-22', '2023-10-22', 'รถส่วนตัว', 1, 'แก้ไขชิ้นงานตกค้างปลายรางConveyor', 'H-28', '2023-10-18 06:57:32', 2, '2023-10-18 15:15:38'),
(275, 'eb12bc2e-6d83-11ee-abd0-00163e2213cc', '570007', 9, '08:00:00', '17:00:00', '2023-10-22', '2023-10-22', 'รถส่วนตัว', 1, 'เปลี่ยนสาย Conveyor', 'H-44', '2023-10-18 06:59:44', 2, '2023-10-18 15:15:35'),
(276, 'eb12bc2e-6d83-11ee-abd0-00163e2213cc', '66T031', 9, '08:00:00', '17:00:00', '2023-10-22', '2023-10-22', 'สะพานสี่ 1', 1, 'เปลี่ยนสาย Conveyor', 'H-44', '2023-10-18 06:59:44', 2, '2023-10-18 15:15:35'),
(277, '5447732b-6d84-11ee-abd0-00163e2213cc', '570047', 9, '08:00:00', '17:00:00', '2023-10-22', '2023-10-22', 'รถส่วนตัว', 1, 'Modify cover Rotary', 'G-36', '2023-10-18 07:02:41', 2, '2023-10-18 15:15:25'),
(278, '5447732b-6d84-11ee-abd0-00163e2213cc', '66T046', 9, '08:00:00', '17:00:00', '2023-10-22', '2023-10-22', 'รถส่วนตัว', 1, 'Modify cover Rotary', 'G-36', '2023-10-18 07:02:41', 2, '2023-10-18 15:15:25'),
(279, 'a247ddab-6d8d-11ee-abd0-00163e2213cc', '640062', 3, '05:30:00', '08:00:00', '2023-10-18', '2023-10-18', 'รถส่วนตัว', 1, 'Support', 'All', '2023-10-18 08:09:17', 1, '2023-10-18 17:36:29'),
(280, 'd4cb8cd0-6d8d-11ee-abd0-00163e2213cc', '650013', 9, '17:30:00', '20:00:00', '2023-10-18', '2023-10-18', 'ระยอง-ปากน้ำ-วัดโขดหิน', 1, 'ติดตั้งไฟalarm', 'So-1', '2023-10-18 08:10:42', 1, '2023-10-18 17:35:58'),
(281, 'd4cb8cd0-6d8d-11ee-abd0-00163e2213cc', '660015', 9, '17:30:00', '20:00:00', '2023-10-18', '2023-10-18', 'สะพานสี่ 1', 1, 'ติดตั้งไฟalarm', 'So-1', '2023-10-18 08:10:42', 1, '2023-10-18 17:36:03'),
(282, 'f891b736-6d8d-11ee-abd0-00163e2213cc', '550045', 3, '17:30:00', '20:00:00', '2023-10-18', '2023-10-18', 'แม่น้ำคู้-แยกลุงอุ้ย', 1, 'Support', 'Bz', '2023-10-18 08:11:42', 1, '2023-10-18 17:35:53'),
(283, '20441ecc-6d8e-11ee-abd0-00163e2213cc', '480170', 8, '17:30:00', '20:00:00', '2023-10-18', '2023-10-18', 'รถส่วนตัว', 1, 'Wiring controll loading ', 'BZ-6', '2023-10-18 08:12:48', 1, '2023-10-18 17:35:44'),
(284, '79bc68b3-6d8e-11ee-abd0-00163e2213cc', '480188', 9, '17:30:00', '20:00:00', '2023-10-18', '2023-10-18', 'รถส่วนตัว', 1, 'ชิ้นส่วนรถเข็น ATC', 'US', '2023-10-18 08:15:19', 2, '2023-10-18 15:15:31'),
(285, 'd81cd0dc-6d8e-11ee-abd0-00163e2213cc', '490141', 8, '17:30:00', '20:00:00', '2023-10-18', '2023-10-18', 'หัวสนามบิน-บึงทอง', 1, 'อุปกรณ์ชุด Loader G-96', 'US', '2023-10-18 08:17:57', 2, '2023-10-18 15:21:58'),
(286, 'd81cd0dc-6d8e-11ee-abd0-00163e2213cc', '66T045', 8, '17:30:00', '20:00:00', '2023-10-18', '2023-10-18', 'รถส่วนตัว', 1, 'อุปกรณ์ชุด Loader G-96', 'US', '2023-10-18 08:17:57', 2, '2023-10-18 15:21:58'),
(287, 'd81cd0dc-6d8e-11ee-abd0-00163e2213cc', '66T046', 8, '17:30:00', '20:00:00', '2023-10-18', '2023-10-18', 'รถส่วนตัว', 1, 'อุปกรณ์ชุด Loader G-96', 'US', '2023-10-18 08:17:57', 2, '2023-10-18 15:21:58'),
(288, '1e82984d-6d8f-11ee-abd0-00163e2213cc', '480092', 4, '17:30:00', '20:00:00', '2023-10-18', '2023-10-18', 'สะพานสี่ 1', 1, 'PM conveyor', 'US', '2023-10-18 08:19:55', 2, '2023-10-18 15:21:53'),
(289, '1e82984d-6d8f-11ee-abd0-00163e2213cc', '66T031', 4, '17:30:00', '20:00:00', '2023-10-18', '2023-10-18', 'สะพานสี่ 1', 1, 'PM conveyor', 'US', '2023-10-18 08:19:55', 2, '2023-10-18 15:21:53'),
(290, '888f1f6c-6d8f-11ee-abd0-00163e2213cc', '570047', 9, '17:00:00', '20:00:00', '2023-10-18', '2023-10-18', 'รถส่วนตัว', 1, 'ที่วางฝาปิด Barael BZ', 'US', '2023-10-18 08:22:53', 2, '2023-10-18 15:27:28'),
(291, 'a3ada283-6d90-11ee-abd0-00163e2213cc', '640065', 3, '17:30:00', '20:00:00', '2023-10-18', '2023-10-18', 'รถส่วนตัว', 1, 'Support', 'OQ', '2023-10-18 08:30:48', 2, '2023-10-18 15:31:07'),
(292, '875ff730-6d91-11ee-abd0-00163e2213cc', '650064', 3, '17:30:00', '20:00:00', '2023-10-18', '2023-10-18', 'มาบยางพร', 1, 'Support ', 'BZ', '2023-10-18 08:37:10', 2, '2023-10-18 15:37:28'),
(293, 'd7c1e2b9-6d91-11ee-abd0-00163e2213cc', '470047', 3, '05:30:00', '08:00:00', '2023-10-18', '2023-10-18', 'ม.สมาร์ทแลนด์นิวสไตล์', 1, 'Support ', 'Spare Part', '2023-10-18 08:39:25', 2, '2023-10-18 16:14:31'),
(294, 'd7c1e2b9-6d91-11ee-abd0-00163e2213cc', '490085', 3, '05:30:00', '08:00:00', '2023-10-18', '2023-10-18', 'ม.สมาร์ทแลนด์นิวสไตล์', 1, 'Support ', 'Spare Part', '2023-10-18 08:39:25', 2, '2023-10-18 16:14:31'),
(295, '759515b0-6d92-11ee-abd0-00163e2213cc', '480052', 3, '05:30:00', '08:00:00', '2023-10-18', '2023-10-18', 'รถส่วนตัว', 1, 'Support ', 'All MC', '2023-10-18 08:43:50', 2, '2023-10-18 16:14:28'),
(296, '759515b0-6d92-11ee-abd0-00163e2213cc', '650004', 3, '05:30:00', '08:00:00', '2023-10-18', '2023-10-18', 'รถส่วนตัว', 1, 'Support ', 'All MC', '2023-10-18 08:43:50', 2, '2023-10-18 16:14:28'),
(297, '60a79037-6d97-11ee-abd0-00163e2213cc', '660026', 3, '17:30:00', '20:00:00', '2023-10-18', '2023-10-18', 'รถส่วนตัว', 1, 'Support ', 'HD', '2023-10-18 09:19:02', 2, '2023-10-18 16:19:18'),
(298, '85210738-6e20-11ee-abd0-00163e2213cc', '480088', 9, '08:00:00', '17:00:00', '2023-10-21', '2023-10-21', 'รถส่วนตัว', 1, 'เปลี่ยนมอเตอร์แท่นเชื่อม', 'W-06', '2023-10-19 01:40:44', 1, '2023-10-19 08:47:44'),
(299, '85210738-6e20-11ee-abd0-00163e2213cc', '480170', 9, '08:00:00', '17:00:00', '2023-10-21', '2023-10-21', 'รถส่วนตัว', 1, 'เปลี่ยนมอเตอร์แท่นเชื่อม', 'W-06', '2023-10-19 01:40:44', 1, '2023-10-19 08:47:46'),
(300, 'fafe6283-6e20-11ee-abd0-00163e2213cc', '500010', 4, '08:00:00', '17:00:00', '2023-10-21', '2023-10-21', 'รถส่วนตัว', 1, 'เปลี่ยนmotorถังปั่น\nเปลี่ยนsensor carrier 6/9/10', 'BZ-8', '2023-10-19 01:44:02', 1, '2023-10-19 08:47:33'),
(301, 'fafe6283-6e20-11ee-abd0-00163e2213cc', '550045', 4, '08:00:00', '17:00:00', '2023-10-21', '2023-10-21', 'แม่น้ำคู้-แยกลุงอุ้ย', 1, 'เปลี่ยนmotorถังปั่น\nเปลี่ยนsensor carrier 6/9/10', 'BZ-8', '2023-10-19 01:44:02', 1, '2023-10-19 08:47:35'),
(302, 'fafe6283-6e20-11ee-abd0-00163e2213cc', '660016', 4, '08:00:00', '17:00:00', '2023-10-21', '2023-10-21', 'รถส่วนตัว', 1, 'เปลี่ยนmotorถังปั่น\nเปลี่ยนsensor carrier 6/9/10', 'BZ-8', '2023-10-19 01:44:02', 1, '2023-10-19 08:47:37'),
(303, 'fafe6283-6e20-11ee-abd0-00163e2213cc', '660029', 4, '08:00:00', '17:00:00', '2023-10-21', '2023-10-21', 'ระยอง-มาบข่า', 1, 'เปลี่ยนmotorถังปั่น\nเปลี่ยนsensor carrier 6/9/10', 'BZ-8', '2023-10-19 01:44:02', 1, '2023-10-19 08:47:39'),
(304, '2c149a06-6e21-11ee-abd0-00163e2213cc', '640004', 4, '08:00:00', '17:00:00', '2023-10-21', '2023-10-21', 'รถส่วนตัว', 1, 'เปลี่ยน mag gen OQ', 'OQ', '2023-10-19 01:45:24', 1, '2023-10-19 08:47:25'),
(305, 'cba61063-6e21-11ee-abd0-00163e2213cc', '620036', 4, '08:00:00', '17:00:00', '2023-10-21', '2023-10-21', 'ระยอง-ตะพง-เกาะกลอย', 1, 'PM Ubolt', 'UB ', '2023-10-19 01:49:52', 1, '2023-10-19 09:05:22'),
(306, 'cba61063-6e21-11ee-abd0-00163e2213cc', '650013', 4, '08:00:00', '17:00:00', '2023-10-21', '2023-10-21', 'ระยอง-ปากน้ำ-วัดโขดหิน', 1, 'PM Ubolt', 'UB ', '2023-10-19 01:49:52', 1, '2023-10-19 09:05:25'),
(307, '1dfead85-6e22-11ee-abd0-00163e2213cc', '480088', 9, '08:00:00', '17:00:00', '2023-10-22', '2023-10-22', 'รถส่วนตัว', 1, 'เปลี่ยนมอเตอร์แท่นเชื่อม', 'W-06', '2023-10-19 01:52:10', 1, '2023-10-19 09:05:13'),
(308, '1dfead85-6e22-11ee-abd0-00163e2213cc', '480170', 9, '08:00:00', '17:00:00', '2023-10-22', '2023-10-22', 'รถส่วนตัว', 1, 'เปลี่ยนมอเตอร์แท่นเชื่อม', 'W-06', '2023-10-19 01:52:10', 1, '2023-10-19 09:05:15'),
(309, '7548b485-6e22-11ee-abd0-00163e2213cc', '550045', 4, '08:00:00', '17:00:00', '2023-10-22', '2023-10-22', 'แม่น้ำคู้-แยกลุงอุ้ย', 1, 'เปลี่ยน prox carrire 6/9/10', 'BZ-8', '2023-10-19 01:54:37', 1, '2023-10-19 09:05:07'),
(310, '7548b485-6e22-11ee-abd0-00163e2213cc', '660029', 4, '08:00:00', '17:00:00', '2023-10-22', '2023-10-22', 'ระยอง-มาบข่า', 1, 'เปลี่ยน prox carrire 6/9/10', 'BZ-8', '2023-10-19 01:54:37', 1, '2023-10-19 09:05:10'),
(311, '9f07cf99-6e22-11ee-abd0-00163e2213cc', '380013', 4, '08:00:00', '17:00:00', '2023-10-21', '2023-10-21', 'รถส่วนตัว', 1, 'PM ตรวจเช็คอัดจารบี', 'BZ-6', '2023-10-19 01:55:47', 2, '2023-10-19 11:10:36'),
(312, 'bb0f5a24-6e22-11ee-abd0-00163e2213cc', '500010', 9, '08:00:00', '17:00:00', '2023-10-22', '2023-10-22', 'รถส่วนตัว', 1, 'เปลี่ยน sol carrirer', 'GM-5', '2023-10-19 01:56:34', 1, '2023-10-19 09:05:02'),
(313, 'bb0f5a24-6e22-11ee-abd0-00163e2213cc', '660015', 9, '08:00:00', '17:00:00', '2023-10-22', '2023-10-22', 'สะพานสี่ 1', 1, 'เปลี่ยน sol carrirer', 'GM-5', '2023-10-19 01:56:34', 1, '2023-10-19 09:05:04'),
(314, 'e81b69e6-6e22-11ee-abd0-00163e2213cc', '380008', 9, '08:00:00', '17:00:00', '2023-10-21', '2023-10-21', 'รถส่วนตัว', 1, 'แก้ไขชุดมอเตอร์เครื่องเชื่อม', 'W-19', '2023-10-19 01:57:49', 2, '2023-10-19 11:10:34'),
(315, 'ecf4eb27-6e22-11ee-abd0-00163e2213cc', '650013', 4, '08:00:00', '17:00:00', '2023-10-22', '2023-10-22', 'ระยอง-ปากน้ำ-วัดโขดหิน', 1, 'Pm HD/RL', 'M6', '2023-10-19 01:57:57', 1, '2023-10-19 09:04:59'),
(316, '301e17b6-6e23-11ee-abd0-00163e2213cc', '560061', 4, '08:00:00', '17:00:00', '2023-10-21', '2023-10-21', 'รถส่วนตัว', 1, 'เช็คความเที่ยงตรง', 'H-62', '2023-10-19 01:59:50', 2, '2023-10-19 11:10:32'),
(317, '6df6c646-6e23-11ee-abd0-00163e2213cc', '470024', 4, '08:00:00', '17:00:00', '2023-10-21', '2023-10-21', 'รถส่วนตัว', 1, 'PM', 'E/G', '2023-10-19 02:01:34', 2, '2023-10-19 11:10:30'),
(318, '6df6c646-6e23-11ee-abd0-00163e2213cc', '580011', 4, '08:00:00', '17:00:00', '2023-10-21', '2023-10-21', 'รถส่วนตัว', 1, 'PM', 'E/G', '2023-10-19 02:01:34', 2, '2023-10-19 11:10:30'),
(319, 'bfd03b26-6e23-11ee-abd0-00163e2213cc', '480020', 4, '08:00:00', '17:00:00', '2023-10-21', '2023-10-21', 'รถส่วนตัว', 1, 'PM\nอัดจารบี.หล่อลื่น', 'BZ-2', '2023-10-19 02:03:51', 2, '2023-10-19 11:10:27'),
(320, '10c5f4fc-6e24-11ee-abd0-00163e2213cc', '640065', 4, '08:00:00', '17:00:00', '2023-10-21', '2023-10-21', 'รถส่วนตัว', 1, 'PM\nอัดจารบี.หล่อลื่น', 'SA-1.2.3', '2023-10-19 02:06:07', 2, '2023-10-19 11:10:25'),
(321, '5ed36790-6e24-11ee-abd0-00163e2213cc', '660026', 4, '08:00:00', '17:00:00', '2023-10-21', '2023-10-21', 'รถส่วนตัว', 1, 'ติดผ้ารองหม้อ\nPart Feeder', 'G-33,G-96', '2023-10-19 02:08:18', 2, '2023-10-19 11:10:23');
INSERT INTO `tb_ot_request` (`id`, `request_key`, `employee_id`, `roles_id`, `ot_starttime`, `ot_endtime`, `ot_date`, `ot_date_end`, `cars_text`, `approved_status`, `work_detail`, `machine_name`, `createdate`, `approved_by`, `approved_datetime`) VALUES
(322, '99967266-6e24-11ee-abd0-00163e2213cc', '490085', 3, '08:00:00', '17:00:00', '2023-10-21', '2023-10-21', 'รถส่วนตัว', 1, 'Support ', 'Support Spare part ', '2023-10-19 02:09:56', 2, '2023-10-19 11:10:21'),
(323, 'dcf520ce-6e24-11ee-abd0-00163e2213cc', '380008', 9, '08:00:00', '17:00:00', '2023-10-22', '2023-10-22', 'รถส่วนตัว', 1, 'แก้ไขชุดมอเตอร์เครื่องเชื่อม', 'W-19', '2023-10-19 02:11:49', 2, '2023-10-19 11:10:19'),
(324, '6f31b17b-6e25-11ee-abd0-00163e2213cc', '560061', 2, '08:00:00', '17:00:00', '2023-10-22', '2023-10-22', 'รถส่วนตัว', 1, 'แก้ไขชุดปรับKO', 'B-07', '2023-10-19 02:15:55', 2, '2023-10-19 11:10:16'),
(325, '6f31b17b-6e25-11ee-abd0-00163e2213cc', '570084', 2, '08:00:00', '17:00:00', '2023-10-22', '2023-10-22', 'รถส่วนตัว', 1, 'แก้ไขชุดปรับKO', 'B-07', '2023-10-19 02:15:55', 2, '2023-10-19 11:10:16'),
(326, 'cf77c95f-6e25-11ee-abd0-00163e2213cc', '580011', 4, '08:00:00', '17:00:00', '2023-10-22', '2023-10-22', 'รถส่วนตัว', 1, 'PM\nตรวจเช็คหล่อลื่น', 'Line NF', '2023-10-19 02:18:36', 2, '2023-10-19 11:10:14'),
(327, '1a85d20b-6e26-11ee-abd0-00163e2213cc', '480020', 4, '08:00:00', '17:00:00', '2023-10-22', '2023-10-22', 'รถส่วนตัว', 1, 'PM ตรวจเช็คอัดจารบีหล่อลื่น', 'BZ-07', '2023-10-19 02:20:42', 2, '2023-10-19 11:10:12'),
(328, '751ba6c8-6e26-11ee-abd0-00163e2213cc', '640065', 4, '08:00:00', '17:00:00', '2023-10-22', '2023-10-22', 'รถส่วนตัว', 1, 'PM ตรวจเช็คอัดจารบีหล่อลื่น', 'SA-4,5,6', '2023-10-19 02:23:14', 2, '2023-10-19 11:10:10'),
(329, 'bcae04ba-6e26-11ee-abd0-00163e2213cc', '640061', 4, '08:00:00', '17:00:00', '2023-10-22', '2023-10-22', 'รถส่วนตัว', 1, 'PM ตรวจเช็คอัดจารบีหล่อลื่น', 'BZ-08', '2023-10-19 02:25:14', 2, '2023-10-19 11:10:07'),
(330, 'e749562c-6e26-11ee-abd0-00163e2213cc', '490085', 3, '08:00:00', '17:00:00', '2023-10-22', '2023-10-22', 'รถส่วนตัว', 1, 'Support ', 'Support Spare part ', '2023-10-19 02:26:26', 2, '2023-10-19 11:10:04'),
(331, 'b3c578f3-6e57-11ee-abd0-00163e2213cc', '480188', 9, '17:30:00', '20:00:00', '2023-10-19', '2023-10-19', 'สะพานสี่ 2', 1, 'ซ่อมรถเข็น atc', 'US', '2023-10-19 08:15:45', 2, '2023-10-21 07:40:01'),
(332, 'e926a714-6e57-11ee-abd0-00163e2213cc', '550045', 3, '17:30:00', '20:00:00', '2023-10-19', '2023-10-19', 'แม่น้ำคู้-แยกลุงอุ้ย', 1, 'Sopport', 'Bz', '2023-10-19 08:17:14', 1, '2023-10-19 15:17:54'),
(333, '0dd20a73-6e58-11ee-abd0-00163e2213cc', '620036', 3, '17:30:00', '20:00:00', '2023-10-19', '2023-10-19', 'ระยอง-ตะพง-เกาะกลอย', 1, 'Support', 'HDRL', '2023-10-19 08:18:16', 1, '2023-10-19 15:32:41'),
(334, '0ef201e4-6e58-11ee-abd0-00163e2213cc', '490141', 8, '17:30:00', '20:00:00', '2023-10-19', '2023-10-19', 'หัวสนามบิน-บึงทอง', 1, 'อุปกรณ์ชุดโหลด G-96', 'US', '2023-10-19 08:18:18', 2, '2023-10-21 07:39:59'),
(335, '0ef201e4-6e58-11ee-abd0-00163e2213cc', '66T045', 8, '17:30:00', '20:00:00', '2023-10-19', '2023-10-19', 'รถส่วนตัว', 1, 'อุปกรณ์ชุดโหลด G-96', 'US', '2023-10-19 08:18:18', 2, '2023-10-21 07:39:59'),
(336, '0ef201e4-6e58-11ee-abd0-00163e2213cc', '66T046', 8, '17:30:00', '20:00:00', '2023-10-19', '2023-10-19', 'รถส่วนตัว', 1, 'อุปกรณ์ชุดโหลด G-96', 'US', '2023-10-19 08:18:18', 2, '2023-10-21 07:39:59'),
(337, '47e8d6da-6e58-11ee-abd0-00163e2213cc', '500010', 9, '17:30:00', '20:00:00', '2023-10-19', '2023-10-19', 'รถส่วนตัว', 1, 'ติดตั้งแสงสว่าง', 'OQ-9', '2023-10-19 08:19:53', 1, '2023-10-19 15:32:38'),
(338, '47e8d6da-6e58-11ee-abd0-00163e2213cc', '660015', 9, '17:30:00', '20:00:00', '2023-10-19', '2023-10-19', 'สะพานสี่ 1', 1, 'ติดตั้งแสงสว่าง', 'OQ-9', '2023-10-19 08:19:53', 1, '2023-10-19 15:32:38'),
(339, '67df7aab-6e58-11ee-abd0-00163e2213cc', '480092', 4, '17:30:00', '20:00:00', '2023-10-19', '2023-10-19', 'สะพานสี่ 1', 1, 'ใส่ขั้นสายพาน conveyor', 'US', '2023-10-19 08:20:47', 2, '2023-10-21 07:39:56'),
(340, '7874e3ec-6e58-11ee-abd0-00163e2213cc', '660029', 9, '17:30:00', '20:00:00', '2023-10-19', '2023-10-19', 'ระยอง-มาบข่า', 1, 'ทำsupport alarm โต๊ะ', 'IP', '2023-10-19 08:21:15', 1, '2023-10-19 15:32:36'),
(341, 'a0b26d61-6e58-11ee-abd0-00163e2213cc', '480170', 8, '17:30:00', '20:00:00', '2023-10-19', '2023-10-19', 'รถส่วนตัว', 1, 'Wiring controll loading', 'BZ-6', '2023-10-19 08:22:22', 1, '2023-10-19 15:32:32'),
(342, 'b8e8aa6f-6e58-11ee-abd0-00163e2213cc', '570047', 9, '17:30:00', '20:00:00', '2023-10-19', '2023-10-19', 'รถส่วนตัว', 1, 'ที่วางฝา Barad', 'US', '2023-10-19 08:23:03', 2, '2023-10-21 07:39:54'),
(343, 'cbb6237e-6e58-11ee-abd0-00163e2213cc', '650034', 3, '05:30:00', '08:00:00', '2023-10-19', '2023-10-19', 'สะพานสี่ 1', 1, 'Support', 'All', '2023-10-19 08:23:34', 1, '2023-10-19 15:32:29'),
(344, '1335269c-6e5a-11ee-abd0-00163e2213cc', '380008', 3, '17:30:00', '20:00:00', '2023-10-19', '2023-10-19', 'รถส่วนตัว', 1, 'Support all M/C', 'M/C', '2023-10-19 08:32:44', 2, '2023-10-21 07:39:51'),
(345, '1335269c-6e5a-11ee-abd0-00163e2213cc', '470024', 3, '17:30:00', '20:00:00', '2023-10-19', '2023-10-19', 'รถส่วนตัว', 1, 'Support all M/C', 'M/C', '2023-10-19 08:32:44', 2, '2023-10-21 07:39:51'),
(346, '1335269c-6e5a-11ee-abd0-00163e2213cc', '570084', 3, '17:30:00', '20:00:00', '2023-10-19', '2023-10-19', 'รถส่วนตัว', 1, 'Support all M/C', 'M/C', '2023-10-19 08:32:44', 2, '2023-10-21 07:39:51'),
(347, '1335269c-6e5a-11ee-abd0-00163e2213cc', '580011', 3, '17:30:00', '20:00:00', '2023-10-19', '2023-10-19', 'รถส่วนตัว', 1, 'Support all M/C', 'M/C', '2023-10-19 08:32:44', 2, '2023-10-21 07:39:51'),
(348, '1335269c-6e5a-11ee-abd0-00163e2213cc', '640046', 3, '17:30:00', '20:00:00', '2023-10-19', '2023-10-19', 'รถส่วนตัว', 1, 'Support all M/C', 'M/C', '2023-10-19 08:32:44', 2, '2023-10-21 07:39:51'),
(349, '1335269c-6e5a-11ee-abd0-00163e2213cc', '640061', 3, '17:30:00', '20:00:00', '2023-10-19', '2023-10-19', 'รถส่วนตัว', 1, 'Support all M/C', 'M/C', '2023-10-19 08:32:44', 2, '2023-10-21 07:39:51'),
(350, '1335269c-6e5a-11ee-abd0-00163e2213cc', '640065', 3, '17:30:00', '20:00:00', '2023-10-19', '2023-10-19', 'รถส่วนตัว', 1, 'Support all M/C', 'M/C', '2023-10-19 08:32:44', 2, '2023-10-21 07:39:51'),
(351, '1335269c-6e5a-11ee-abd0-00163e2213cc', '650064', 3, '17:30:00', '20:00:00', '2023-10-19', '2023-10-19', 'มาบยางพร', 1, 'Support all M/C', 'M/C', '2023-10-19 08:32:44', 2, '2023-10-21 07:39:51'),
(352, '1335269c-6e5a-11ee-abd0-00163e2213cc', '660007', 3, '17:30:00', '20:00:00', '2023-10-19', '2023-10-19', 'รถส่วนตัว', 1, 'Support all M/C', 'M/C', '2023-10-19 08:32:44', 2, '2023-10-21 07:39:51'),
(353, '74fbffe6-6e5a-11ee-abd0-00163e2213cc', '480052', 3, '05:30:00', '08:00:00', '2023-10-19', '2023-10-19', 'รถส่วนตัว', 1, 'Support all m/c', 'Support all m/c', '2023-10-19 08:35:28', 2, '2023-10-21 07:39:49'),
(354, '74fbffe6-6e5a-11ee-abd0-00163e2213cc', '650004', 3, '05:30:00', '08:00:00', '2023-10-19', '2023-10-19', 'รถส่วนตัว', 1, 'Support all m/c', 'Support all m/c', '2023-10-19 08:35:28', 2, '2023-10-21 07:39:49'),
(355, '81e9964e-6f10-11ee-abd0-00163e2213cc', '470047', 3, '05:30:00', '08:00:00', '2023-10-20', '2023-10-20', 'ม.สมาร์ทแลนด์นิวสไตล์', 1, 'Support all m/c', 'Support all m/c', '2023-10-20 06:18:38', 2, '2023-10-21 07:39:46'),
(356, '81e9964e-6f10-11ee-abd0-00163e2213cc', '480052', 3, '05:30:00', '08:00:00', '2023-10-20', '2023-10-20', 'รถส่วนตัว', 1, 'Support all m/c', 'Support all m/c', '2023-10-20 06:18:38', 2, '2023-10-21 07:39:46'),
(357, 'c8566f10-6f10-11ee-abd0-00163e2213cc', '650034', 3, '05:00:00', '08:00:00', '2023-10-20', '2023-10-20', 'สะพานสี่ 1', 1, 'Support', 'All', '2023-10-20 06:20:36', 1, '2023-10-20 18:30:09'),
(358, 'f32132ed-6f10-11ee-abd0-00163e2213cc', '470024', 3, '17:30:00', '20:00:00', '2023-10-20', '2023-10-20', 'รถส่วนตัว', 1, 'Support all m/c', 'Support all m/c', '2023-10-20 06:21:48', 2, '2023-10-21 07:39:44'),
(359, 'f32132ed-6f10-11ee-abd0-00163e2213cc', '480020', 3, '17:30:00', '20:00:00', '2023-10-20', '2023-10-20', 'รถส่วนตัว', 1, 'Support all m/c', 'Support all m/c', '2023-10-20 06:21:48', 2, '2023-10-21 07:39:44'),
(360, 'f32132ed-6f10-11ee-abd0-00163e2213cc', '570084', 3, '17:30:00', '20:00:00', '2023-10-20', '2023-10-20', 'รถส่วนตัว', 1, 'Support all m/c', 'Support all m/c', '2023-10-20 06:21:48', 2, '2023-10-21 07:39:44'),
(361, 'f32132ed-6f10-11ee-abd0-00163e2213cc', '580011', 3, '17:30:00', '20:00:00', '2023-10-20', '2023-10-20', 'รถส่วนตัว', 1, 'Support all m/c', 'Support all m/c', '2023-10-20 06:21:48', 2, '2023-10-21 07:39:44'),
(362, 'f32132ed-6f10-11ee-abd0-00163e2213cc', '660007', 3, '17:30:00', '20:00:00', '2023-10-20', '2023-10-20', 'รถส่วนตัว', 1, 'Support all m/c', 'Support all m/c', '2023-10-20 06:21:48', 2, '2023-10-21 07:39:44'),
(363, 'f6cad575-6f10-11ee-abd0-00163e2213cc', '550045', 3, '17:30:00', '20:00:00', '2023-10-20', '2023-10-20', 'แม่น้ำคู้-แยกลุงอุ้ย', 1, 'Support', 'All', '2023-10-20 06:21:54', 1, '2023-10-20 18:29:55'),
(364, 'f6cad575-6f10-11ee-abd0-00163e2213cc', '640004', 3, '17:30:00', '20:00:00', '2023-10-20', '2023-10-20', 'รถส่วนตัว', 1, 'Support', 'All', '2023-10-20 06:21:54', 1, '2023-10-20 18:29:57'),
(365, 'f6cad575-6f10-11ee-abd0-00163e2213cc', '650013', 3, '17:30:00', '20:00:00', '2023-10-20', '2023-10-20', 'ระยอง-ปากน้ำ-วัดโขดหิน', 1, 'Support', 'All', '2023-10-20 06:21:54', 1, '2023-10-20 18:29:59'),
(366, '5bfd6fb3-6f11-11ee-abd0-00163e2213cc', '470047', 3, '05:30:00', '08:00:00', '2023-10-23', '2023-10-23', 'ม.สมาร์ทแลนด์นิวสไตล์', 1, 'Support all m/c', 'Support all m/c', '2023-10-20 06:24:44', 2, '2023-10-21 07:39:41'),
(367, '5bfd6fb3-6f11-11ee-abd0-00163e2213cc', '480052', 3, '05:30:00', '08:00:00', '2023-10-23', '2023-10-23', 'รถส่วนตัว', 1, 'Support all m/c', 'Support all m/c', '2023-10-20 06:24:44', 2, '2023-10-21 07:39:41'),
(368, '5cd30ad0-6f1f-11ee-abd0-00163e2213cc', '480170', 8, '17:30:00', '20:00:00', '2023-10-20', '2023-10-20', 'รถส่วนตัว', 1, 'Wiring controll loading', 'BZ-6', '2023-10-20 08:04:58', 1, '2023-10-20 18:30:03'),
(369, 'f06e069c-6fff-11ee-abd0-00163e2213cc', '640062', 3, '05:30:00', '08:00:00', '2023-10-20', '2023-10-20', 'รถส่วนตัว', 1, 'Support', 'All', '2023-10-21 10:52:33', 1, '2023-10-21 17:54:31'),
(370, '96723fee-716f-11ee-abd0-00163e2213cc', '550045', 3, '17:30:00', '20:00:00', '2023-10-23', '2023-10-23', 'แม่น้ำคู้-แยกลุงอุ้ย', 1, 'Support', 'AOQ4', '2023-10-23 06:44:17', 1, '2023-10-23 16:17:48'),
(371, '96723fee-716f-11ee-abd0-00163e2213cc', '650013', 3, '17:30:00', '20:00:00', '2023-10-23', '2023-10-23', 'ระยอง-ปากน้ำ-วัดโขดหิน', 1, 'Support', 'AOQ4', '2023-10-23 06:44:17', 1, '2023-10-23 16:17:50'),
(372, '96e3743c-720b-11ee-abd0-00163e2213cc', '480020', 2, '17:30:00', '20:00:00', '2023-10-23', '2023-10-23', 'รถส่วนตัว', 1, 'Repair', 'BZ-6', '2023-10-24 01:20:59', 2, '2023-10-24 08:23:17'),
(373, '96e3743c-720b-11ee-abd0-00163e2213cc', '640061', 2, '17:30:00', '20:00:00', '2023-10-23', '2023-10-23', 'รถส่วนตัว', 1, 'Repair', 'BZ-6', '2023-10-24 01:20:59', 2, '2023-10-24 08:23:17'),
(374, '96e3743c-720b-11ee-abd0-00163e2213cc', '650064', 2, '17:30:00', '20:00:00', '2023-10-23', '2023-10-23', 'รถส่วนตัว', 1, 'Repair', 'BZ-6', '2023-10-24 01:20:59', 2, '2023-10-24 08:23:17'),
(375, '96e3743c-720b-11ee-abd0-00163e2213cc', '660007', 2, '17:30:00', '20:00:00', '2023-10-23', '2023-10-23', 'รถส่วนตัว', 1, 'Repair', 'BZ-6', '2023-10-24 01:20:59', 2, '2023-10-24 08:23:17'),
(376, '1089195d-7240-11ee-abd0-00163e2213cc', '470047', 3, '05:30:00', '08:00:00', '2023-10-24', '2023-10-24', 'ม.สมาร์ทแลนด์นิวสไตล์', 1, 'Support all m/c', 'Support all m/c', '2023-10-24 07:36:37', 2, '2023-10-24 14:54:06'),
(377, '1089195d-7240-11ee-abd0-00163e2213cc', '480052', 3, '05:30:00', '08:00:00', '2023-10-24', '2023-10-24', 'รถส่วนตัว', 1, 'Support all m/c', 'Support all m/c', '2023-10-24 07:36:37', 2, '2023-10-24 14:54:06'),
(378, '7b74b50e-7240-11ee-abd0-00163e2213cc', '470024', 3, '17:30:00', '20:00:00', '2023-10-24', '2023-10-24', 'รถส่วนตัว', 1, 'Support all m/c', 'Support all m/c', '2023-10-24 07:39:36', 2, '2023-10-24 14:47:59'),
(379, '7b74b50e-7240-11ee-abd0-00163e2213cc', '480020', 3, '17:30:00', '20:00:00', '2023-10-24', '2023-10-24', 'รถส่วนตัว', 1, 'Support all m/c', 'Support all m/c', '2023-10-24 07:39:36', 2, '2023-10-24 14:47:59'),
(380, '7b74b50e-7240-11ee-abd0-00163e2213cc', '580058', 3, '17:30:00', '20:00:00', '2023-10-24', '2023-10-24', 'รถส่วนตัว', 1, 'Support all m/c', 'Support all m/c', '2023-10-24 07:39:36', 2, '2023-10-24 14:47:59'),
(381, '7b74b50e-7240-11ee-abd0-00163e2213cc', '660026', 3, '17:30:00', '20:00:00', '2023-10-24', '2023-10-24', 'รถส่วนตัว', 1, 'Support all m/c', 'Support all m/c', '2023-10-24 07:39:36', 2, '2023-10-24 14:47:59'),
(382, '90b0faeb-7241-11ee-abd0-00163e2213cc', '640062', 3, '05:30:00', '08:00:00', '2023-10-24', '2023-10-24', 'รถส่วนตัว', 1, 'Support all', 'All', '2023-10-24 07:47:22', 1, '2023-10-24 15:18:45'),
(383, '90b0faeb-7241-11ee-abd0-00163e2213cc', '650034', 3, '05:30:00', '08:00:00', '2023-10-24', '2023-10-24', 'สะพานสี่ 1', 1, 'Support all', 'All', '2023-10-24 07:47:22', 1, '2023-10-24 15:18:47'),
(384, 'bf9cdbc3-7241-11ee-abd0-00163e2213cc', '550045', 3, '17:30:00', '20:00:00', '2023-10-24', '2023-10-24', 'แม่น้ำคู้-แยกลุงอุ้ย', 1, 'Support', 'BZ', '2023-10-24 07:48:40', 1, '2023-10-24 15:18:40'),
(385, 'bf9cdbc3-7241-11ee-abd0-00163e2213cc', '620036', 3, '17:30:00', '20:00:00', '2023-10-24', '2023-10-24', 'ระยอง-ตะพง-เกาะกลอย', 1, 'Support', 'BZ', '2023-10-24 07:48:40', 1, '2023-10-24 15:18:42'),
(386, 'edbe5013-7241-11ee-abd0-00163e2213cc', '500010', 9, '17:30:00', '20:00:00', '2023-10-24', '2023-10-24', 'รถส่วนตัว', 1, 'คิดตั้งalarm เรียกงาน', 'IP', '2023-10-24 07:49:58', 1, '2023-10-24 15:18:29'),
(387, 'edbe5013-7241-11ee-abd0-00163e2213cc', '660016', 9, '17:30:00', '20:00:00', '2023-10-24', '2023-10-24', 'รถส่วนตัว', 1, 'คิดตั้งalarm เรียกงาน', 'IP', '2023-10-24 07:49:58', 1, '2023-10-24 15:18:33'),
(388, '888950b6-7245-11ee-abd0-00163e2213cc', '490141', 8, '17:30:00', '20:00:00', '2023-10-24', '2023-10-24', 'หัวสนามบิน-บึงทอง', 1, 'อุปกรณ์ชุดโหลดG-96', 'US', '2023-10-24 08:15:46', 2, '2023-10-24 15:51:50'),
(389, 'c1682dca-7245-11ee-abd0-00163e2213cc', '66T031', 4, '17:30:00', '20:00:00', '2023-10-24', '2023-10-24', 'สะพานสี่ 1', 1, 'PM conveyor k-19', 'US', '2023-10-24 08:17:21', 2, '2023-10-24 15:51:47'),
(390, '1863c607-7246-11ee-abd0-00163e2213cc', '66T045', 8, '17:30:00', '20:00:00', '2023-10-24', '2023-10-24', 'รถส่วนตัว', 1, 'อุปกรณ์ชุดโหลด G-96', 'US', '2023-10-24 08:19:47', 2, '2023-10-24 15:51:43'),
(391, '8eb6d7a4-72fd-11ee-abd0-00163e2213cc', '470047', 3, '05:30:00', '08:00:00', '2023-10-25', '2023-10-25', 'ม.สมาร์ทแลนด์นิวสไตล์', 1, 'Support all m/c', 'Support all m/c', '2023-10-25 06:13:04', 2, '2023-10-25 13:13:39'),
(392, '8eb6d7a4-72fd-11ee-abd0-00163e2213cc', '480052', 3, '05:30:00', '08:00:00', '2023-10-25', '2023-10-25', 'รถส่วนตัว', 1, 'Support all m/c', 'Support all m/c', '2023-10-25 06:13:04', 2, '2023-10-25 13:13:39'),
(393, 'ed68c6e4-72fd-11ee-abd0-00163e2213cc', '380008', 3, '17:30:00', '20:00:00', '2023-10-25', '2023-10-25', 'รถส่วนตัว', 1, 'Support all m/c', 'Support all m/c', '2023-10-25 06:15:43', 2, '2023-10-25 13:20:38'),
(394, 'ed68c6e4-72fd-11ee-abd0-00163e2213cc', '480020', 3, '17:30:00', '20:00:00', '2023-10-25', '2023-10-25', 'รถส่วนตัว', 1, 'Support all m/c', 'Support all m/c', '2023-10-25 06:15:43', 2, '2023-10-25 13:20:38'),
(395, 'ed68c6e4-72fd-11ee-abd0-00163e2213cc', '640061', 3, '17:30:00', '20:00:00', '2023-10-25', '2023-10-25', 'รถส่วนตัว', 1, 'Support all m/c', 'Support all m/c', '2023-10-25 06:15:43', 2, '2023-10-25 13:20:38'),
(396, 'fd3a8640-7300-11ee-abd0-00163e2213cc', '480170', 8, '17:30:00', '20:00:00', '2023-10-24', '2023-10-24', 'รถส่วนตัว', 1, 'Wiring controll', 'BZ-6', '2023-10-25 06:37:38', 1, '2023-10-25 19:16:04'),
(397, 'c467eb89-7305-11ee-abd0-00163e2213cc', '470024', 3, '17:30:00', '20:00:00', '2023-10-25', '2023-10-25', 'รถส่วนตัว', 1, 'Support all m/c', 'Support all m/c', '2023-10-25 07:11:50', 2, '2023-10-25 14:12:13'),
(398, 'c467eb89-7305-11ee-abd0-00163e2213cc', '640046', 3, '17:30:00', '20:00:00', '2023-10-25', '2023-10-25', 'รถส่วนตัว', 1, 'Support all m/c', 'Support all m/c', '2023-10-25 07:11:50', 2, '2023-10-25 14:12:13'),
(399, 'd1e7f2a9-7307-11ee-abd0-00163e2213cc', '640062', 3, '05:30:00', '08:00:00', '2023-10-25', '2023-10-25', 'รถส่วนตัว', 1, 'Support', 'All', '2023-10-25 07:26:31', 1, '2023-10-25 19:15:55'),
(400, 'd1e7f2a9-7307-11ee-abd0-00163e2213cc', '650034', 3, '05:30:00', '08:00:00', '2023-10-25', '2023-10-25', 'สะพานสี่ 1', 1, 'Support', 'All', '2023-10-25 07:26:31', 1, '2023-10-25 19:15:57'),
(401, 'fd3fcf22-7307-11ee-abd0-00163e2213cc', '550045', 3, '17:30:00', '20:00:00', '2023-10-25', '2023-10-25', 'แม่น้ำคู้-แยกลุงอุ้ย', 1, 'Support', 'All', '2023-10-25 07:27:44', 1, '2023-10-25 19:15:46'),
(402, 'fd3fcf22-7307-11ee-abd0-00163e2213cc', '650013', 3, '17:30:00', '20:00:00', '2023-10-25', '2023-10-25', 'ระยอง-ปากน้ำ-วัดโขดหิน', 1, 'Support', 'All', '2023-10-25 07:27:44', 1, '2023-10-25 19:15:48'),
(403, '2abafd3c-7308-11ee-abd0-00163e2213cc', '480170', 8, '17:30:00', '20:00:00', '2023-10-25', '2023-10-25', 'รถส่วนตัว', 1, 'Wiring controll', 'BZ-6', '2023-10-25 07:29:00', 1, '2023-10-25 19:15:15'),
(404, '2abafd3c-7308-11ee-abd0-00163e2213cc', '660015', 8, '17:30:00', '20:00:00', '2023-10-25', '2023-10-25', 'สะพานสี่ 1', 1, 'Wiring controll', 'BZ-6', '2023-10-25 07:29:00', 1, '2023-10-25 19:15:16'),
(405, '946e58b9-730a-11ee-abd0-00163e2213cc', '490141', 8, '17:30:00', '20:00:00', '2023-10-25', '2023-10-25', 'หัวสนามบิน-บึงทอง', 1, 'อุปกรณ์ชุดโหลด G-96', 'US', '2023-10-25 07:46:17', 2, '2023-10-25 14:58:03'),
(406, '946e58b9-730a-11ee-abd0-00163e2213cc', '66T045', 8, '17:30:00', '20:00:00', '2023-10-25', '2023-10-25', 'รถส่วนตัว', 1, 'อุปกรณ์ชุดโหลด G-96', 'US', '2023-10-25 07:46:17', 2, '2023-10-25 14:58:03'),
(407, 'cbb8ba99-730a-11ee-abd0-00163e2213cc', '510079', 9, '17:30:00', '20:00:00', '2023-10-25', '2023-10-25', 'รถส่วนตัว', 1, 'Rack. FC', 'US', '2023-10-25 07:47:49', 2, '2023-10-25 14:57:59'),
(408, '7801d42a-730b-11ee-abd0-00163e2213cc', '480188', 9, '17:30:00', '20:00:00', '2023-10-25', '2023-10-25', 'รถส่วนตัว', 1, 'ซ่อมรถเข็น FC', 'US', '2023-10-25 07:52:39', 2, '2023-10-25 14:57:51'),
(409, '7801d42a-730b-11ee-abd0-00163e2213cc', '66T047', 9, '17:30:00', '20:00:00', '2023-10-25', '2023-10-25', 'รถส่วนตัว', 1, 'ซ่อมรถเข็น FC', 'US', '2023-10-25 07:52:39', 2, '2023-10-25 14:57:51'),
(410, '33b29cbc-73a0-11ee-abd0-00163e2213cc', '380008', 4, '08:00:00', '17:00:00', '2023-10-29', '2023-10-29', 'รถส่วนตัว', 1, 'PM Jack -mat ', 'PM Jack -mat ', '2023-10-26 01:37:19', 2, '2023-10-26 08:40:15'),
(411, '7d69dc6a-73a0-11ee-abd0-00163e2213cc', '560061', 3, '08:00:00', '17:00:00', '2023-10-29', '2023-10-29', 'รถส่วนตัว', 1, 'Support AOQ-4', 'AOQ-4', '2023-10-26 01:39:23', 2, '2023-10-26 08:40:10'),
(412, 'cc86c6aa-73a0-11ee-abd0-00163e2213cc', '480052', 4, '08:00:00', '17:00:00', '2023-10-29', '2023-10-29', 'รถส่วนตัว', 1, 'เปลี่ยน Air Blower', 'OQ-10', '2023-10-26 01:41:35', 2, '2023-10-26 08:47:01'),
(413, '1d6a6f47-73a1-11ee-abd0-00163e2213cc', '470024', 4, '08:00:00', '17:00:00', '2023-10-29', '2023-10-29', 'รถส่วนตัว', 1, 'PM E/G Bolt', 'PM E/G Bolt ', '2023-10-26 01:43:51', 2, '2023-10-26 08:46:58'),
(414, '5b69bbc1-73a1-11ee-abd0-00163e2213cc', '640061', 4, '08:00:00', '17:00:00', '2023-10-29', '2023-10-29', 'รถส่วนตัว', 1, 'เปลี่ยน Air Blower ', 'OQ-10', '2023-10-26 01:45:35', 2, '2023-10-26 08:46:54');

-- --------------------------------------------------------

--
-- Table structure for table `tb_roles`
--

CREATE TABLE `tb_roles` (
  `id` int(11) NOT NULL,
  `roles` varchar(255) NOT NULL
) ENGINE=InnoDB DEFAULT CHARSET=utf8 COLLATE=utf8_general_ci;

--
-- Dumping data for table `tb_roles`
--

INSERT INTO `tb_roles` (`id`, `roles`) VALUES
(2, 'Repair/BM'),
(3, 'Stand by/Support'),
(4, 'PM'),
(5, 'Overhual'),
(6, 'Control'),
(7, 'Improvement'),
(8, 'Project'),
(9, 'Job Request'),
(10, 'Training');

-- --------------------------------------------------------

--
-- Table structure for table `tb_sect`
--

CREATE TABLE `tb_sect` (
  `id` int(11) NOT NULL,
  `sects` varchar(255) NOT NULL
) ENGINE=InnoDB DEFAULT CHARSET=utf8 COLLATE=utf8_general_ci;

--
-- Dumping data for table `tb_sect`
--

INSERT INTO `tb_sect` (`id`, `sects`) VALUES
(1, 'EL'),
(2, 'MC'),
(3, 'US');

--
-- Indexes for dumped tables
--

--
-- Indexes for table `tb_admin`
--
ALTER TABLE `tb_admin`
  ADD PRIMARY KEY (`id`);

--
-- Indexes for table `tb_approver`
--
ALTER TABLE `tb_approver`
  ADD PRIMARY KEY (`id`);

--
-- Indexes for table `tb_cars`
--
ALTER TABLE `tb_cars`
  ADD PRIMARY KEY (`id`);

--
-- Indexes for table `tb_employees`
--
ALTER TABLE `tb_employees`
  ADD PRIMARY KEY (`id`),
  ADD UNIQUE KEY `employees_id` (`employees_id`);

--
-- Indexes for table `tb_ot_request`
--
ALTER TABLE `tb_ot_request`
  ADD PRIMARY KEY (`id`);

--
-- Indexes for table `tb_roles`
--
ALTER TABLE `tb_roles`
  ADD PRIMARY KEY (`id`);

--
-- Indexes for table `tb_sect`
--
ALTER TABLE `tb_sect`
  ADD PRIMARY KEY (`id`);

--
-- AUTO_INCREMENT for dumped tables
--

--
-- AUTO_INCREMENT for table `tb_admin`
--
ALTER TABLE `tb_admin`
  MODIFY `id` int(11) NOT NULL AUTO_INCREMENT, AUTO_INCREMENT=2;

--
-- AUTO_INCREMENT for table `tb_approver`
--
ALTER TABLE `tb_approver`
  MODIFY `id` int(11) NOT NULL AUTO_INCREMENT, AUTO_INCREMENT=4;

--
-- AUTO_INCREMENT for table `tb_cars`
--
ALTER TABLE `tb_cars`
  MODIFY `id` int(11) NOT NULL AUTO_INCREMENT, AUTO_INCREMENT=27;

--
-- AUTO_INCREMENT for table `tb_employees`
--
ALTER TABLE `tb_employees`
  MODIFY `id` int(11) NOT NULL AUTO_INCREMENT, AUTO_INCREMENT=54;

--
-- AUTO_INCREMENT for table `tb_ot_request`
--
ALTER TABLE `tb_ot_request`
  MODIFY `id` int(11) NOT NULL AUTO_INCREMENT, AUTO_INCREMENT=415;

--
-- AUTO_INCREMENT for table `tb_roles`
--
ALTER TABLE `tb_roles`
  MODIFY `id` int(11) NOT NULL AUTO_INCREMENT, AUTO_INCREMENT=11;

--
-- AUTO_INCREMENT for table `tb_sect`
--
ALTER TABLE `tb_sect`
  MODIFY `id` int(11) NOT NULL AUTO_INCREMENT, AUTO_INCREMENT=4;
COMMIT;

/*!40101 SET CHARACTER_SET_CLIENT=@OLD_CHARACTER_SET_CLIENT */;
/*!40101 SET CHARACTER_SET_RESULTS=@OLD_CHARACTER_SET_RESULTS */;
/*!40101 SET COLLATION_CONNECTION=@OLD_COLLATION_CONNECTION */;
